accel_mag_mean,accel_mag_std,accel_mag_max,rot_mag_mean,rot_mag_std,rot_mag_max,accel_x_mean,accel_x_std,accel_y_mean,accel_y_std,accel_z_mean,accel_z_std,rot_x_mean,rot_x_std,rot_y_mean,rot_y_std,rot_z_mean,rot_z_std,gravity_x_mean,gravity_y_mean,gravity_z_mean,accel_x_energy,accel_y_energy,accel_z_energy,rot_x_energy,rot_y_energy,rot_z_energy,accel_mag_dom_freq,accel_mag_dom_freq_share,accel_mag_band_cadence,accel_mag_band_harmonic,accel_mag_band_transition,accel_mag_band_tremor,accel_mag_ac_peak,accel_mag_ac_period_s,accel_mag_ac_at_dom,accel_mag_skew,accel_mag_kurtosis,rot_mag_dom_freq,rot_mag_dom_freq_share,rot_mag_band_cadence,rot_mag_band_harmonic,rot_mag_band_transition,rot_mag_band_tremor,rot_mag_ac_peak,rot_mag_ac_period_s,rot_mag_ac_at_dom,rot_mag_skew,rot_mag_kurtosis,accel_corr_xy,accel_corr_xz,accel_corr_yz,rot_corr_xy,rot_corr_xz,rot_corr_yz,recording,activity,n_samples
0.14863271791554317,0.13192343710367677,2.074153012253918,0.7943246615963455,0.8380061580841561,8.619115160543686,0.01522447555459832,0.12185267024782155,0.00417972367004092,0.12556559667628456,0.018303141287960373,0.09111014912722513,0.04928160435063537,0.7740340682598029,0.018550064613396512,0.4560657298124503,0.036527297006245955,0.7225713203845097,-0.29336234869696315,0.156839981692871,-0.14377614365711824,0.014848073246524335,0.015766719068671362,0.008301059273985204,0.5991287388268213,0.20799594990936293,0.5221093130422136,0.32306698255438293,0.04657254045454176,0.2973702629349711,0.17891940181799376,0.12515160788743215,0.18951003878119727,0.16644158067286371,0.57,0.1245043880665579,4.877258507652354,44.038379133439015,0.38768037906525954,0.07086454655277277,0.30000924114242566,0.30265790067079046,0.08508795180877209,0.03650406808693294,0.2118836415481047,2.4,0.191166095887552,3.612626213146074,19.02197785376713,0.02648628780924397,0.03843138255779271,-0.16559770545032187,0.09551068482104631,-0.36167923812804487,-0.1672647027524946,021224_30DBP_W10_S1_R6-2024-12-02_14-42-26.csv,30DBP,4643
0.14432237264795278,0.14709428427531304,2.13955380924762,0.8027300844890571,0.9584500040010362,6.253082533195449,0.022473663361427865,0.11912098609341389,0.006706037927615271,0.1357633870218595,0.01337742389687655,0.09549953424954113,0.016351277640059492,0.7314067051025618,-0.026319875061973225,0.5190994936219616,0.003706649975210697,0.8704985014849504,-0.4243231576598909,0.2271947369856222,-0.17383160461080815,0.014189809327867306,0.01843169725564721,0.009120161041879281,0.5349557682689857,0.269464284278577,0.7577676410875442,0.12394645513138322,0.06875025213936078,0.4251521829490473,0.13512390118789583,0.10037275805828266,0.15609773124442786,0.3365232801215899,0.59,0.018849539455549444,3.7602884861110697,27.503724988025375,0.12394645513138322,0.07722170288402799,0.4644983133181368,0.22705181347826833,0.057982680291120636,0.030285233525206536,0.2063729911889621,1.14,0.009993008721564431,2.60001419637014,8.05247230267456,-0.007388907090559908,-0.010190393166286395,-0.14834048504848324,0.11673341810195381,-0.39004871074827796,-0.008556992995091441,021224_30DBP_W12_5_S2_R5-2024-12-02_14-44-20.csv,30DBP,4034
0.12170120261156663,0.117910293126715,1.985376581483976,0.5106219203441223,0.5949719398307376,7.4595594935522165,0.011593905073649755,0.09793170944076234,0.009537653846153847,0.11163280104041985,0.005250005910165484,0.08006181211622261,0.0019169934533551547,0.46213586357296155,-0.0016684996362975092,0.2983188160134557,-0.004523108019639937,0.5587123340772373,-0.7698736189307147,0.03897122685942899,-0.1481762805055465,0.009590619713989898,0.012461882268129963,0.006409893759333329,0.21356955640032693,0.08899411598767004,0.3121594722500344,0.2636843062374977,0.035972453580695826,0.42517530344297094,0.12783083171086354,0.08289318209995918,0.1211487101663864,0.3596019859130266,0.66,0.11520240882391886,3.90975185519288,30.026782726888705,0.2636843062374977,0.030123581041410833,0.4318031847969934,0.22653933812943378,0.04738757679290827,0.0395369371259196,0.23581554988755754,1.54,0.13571990134282302,4.2706621130155025,24.701947737577974,0.0733937604420004,0.13752931369632074,-0.15965859559516804,-0.08965275978349259,-0.4694531658185038,0.10917822117039047,021224_30DBP_W17_5_S3_R18-2024-12-02_14-47-29.csv,30DBP,10998
0.12371371869873873,0.12069225314933915,2.647844070330804,0.5563030475107013,0.6589625993279692,6.254994676004609,0.012208214056263994,0.09329217527011208,0.007120385379149226,0.11658851838349843,0.0029439032415068626,0.08583970134185862,0.005047598559330289,0.5182262601099531,-0.00964294616957072,0.39342856506886725,-0.006287514065998251,0.5658908114270641,-0.642189078458094,0.14251226000194683,-0.10638229660274505,0.008703429966629312,0.013592882618859351,0.007368454326459484,0.26855845666754874,0.1547860358121479,0.320232410457581,0.2628248807553782,0.036230097690599226,0.34414820233084387,0.16831372263014238,0.08815428928449025,0.15011921522549954,0.3366043347296807,0.51,0.13044014330804982,4.775911083475295,49.612615754123404,0.2628248807553782,0.03529249638725789,0.3238065197346328,0.29135236214138166,0.062206823556110874,0.039727840719658195,0.2139325168832883,3.72,0.20865807670777944,4.0623175447582645,22.56634759805726,0.14441420265620067,0.06485620924311974,-0.21168684186181694,0.022137243139765405,-0.34537220538337954,0.09581777518518851,021224_30DBP_W17_5_S4_R14-2024-12-02_14-53-23.csv,30DBP,10273
0.15358894267491166,0.13641435002785599,2.2879626918868237,0.7430228643440471,0.81405230976054,4.804816813907998,0.018474169159256263,0.11314825283600537,0.0075065422392886025,0.14387935762556045,0.012519466855295067,0.09024919820414987,-0.012738941188358947,0.654820841121514,-0.029373026273241717,0.4298592064160177,0.009838601859337099,0.7747156820739783,-0.4935329611964431,0.16045116673403392,-0.17288857477768796,0.012802527119840595,0.02070126955074392,0.008144917776491928,0.42879033396708705,0.18477893734060855,0.6001843880513494,0.2627324171382377,0.060864681838781985,0.3530136300674429,0.1598897522823807,0.12901608473731732,0.18034364536209183,0.21131263116015617,0.53,0.06290591379069056,3.8782199143017047,33.73225999217799,0.28294260307194824,0.07127432412542133,0.41145216924309413,0.26136701589237904,0.06248773371659713,0.03068422610519167,0.29922509943051734,2.72,0.04824771390999874,2.443697388742641,6.011051842190627,-0.10126975314260205,0.04579398954204901,-0.26481791649522196,0.14469651237842607,-0.2907237943645606,-0.059388476187314514,040125_30DBP_W12_5_S2_R8-2025-01-04_14-53-47.csv,30DBP,4948
0.1407301424345324,0.13725283546025752,2.879395964961054,0.6171000492811723,0.7429995436495289,6.9145776164901065,0.0141809763819737,0.11324142174553006,0.007777588791012383,0.13377885079504423,0.009238986978169283,0.0870542812240471,0.011557262351589435,0.5655596556043342,-0.011561896974339332,0.37585182397068484,0.005790001148985068,0.6866485909109975,-0.6837387725009575,0.11563892978424614,-0.0845333946125367,0.012823619598949008,0.017896780920042706,0.007578447879435479,0.3198577240472931,0.14126459358209065,0.47148628740005843,0.21703051193667816,0.045292534396472246,0.3162086656449437,0.15246669881192093,0.1136004193282269,0.1821521836830513,0.21856305728661418,0.6,0.05922607631924111,5.16745740285641,57.565297855900965,0.4595940252776714,0.04372815040400567,0.39566597776847995,0.19897688462437682,0.04477411135800807,0.038823339674160975,0.30417240190974704,2.17,0.3035799206419399,4.101709402216778,22.62980226206919,-0.04991360513894621,0.07372720665351555,-0.2667243223514332,0.11437184228059755,-0.3988761077510289,-0.21087872065303437,040125_30DBP_W17_5_S3_R12-2025-01-04_14-57-26.csv,30DBP,7833
0.1411961787146909,0.13888410412085164,2.647672504157,0.6913310684960062,0.8034762221878325,7.3170760078806065,0.016072320097477066,0.10733514355377805,0.0077977444094036695,0.13752528710201292,0.00802226634174312,0.0917084503123696,-0.007843504013761465,0.6809245731876927,-0.02604286797591743,0.3963342677720815,0.01510904257454129,0.7084305949745696,-0.6484824168577983,0.11788076361811928,-0.0868386118119266,0.01152083304171014,0.01891320459249108,0.008410439858696363,0.46365827437084156,0.15708085181043202,0.5018739078960227,0.2150229357798165,0.04278587204057257,0.2811083076664375,0.1680279937864927,0.14636975481901304,0.20235464260743652,0.1983464127896252,0.56,0.057408571895348696,6.068791684994397,72.6857205173704,0.4013761467889908,0.02916117791791136,0.3554251093711335,0.15506694792985498,0.10059899862449782,0.04777915323973295,0.31812523935690995,2.13,0.2627392312944606,3.759990925238257,18.940674733303002,-0.023700009087225322,0.12570044822066917,-0.11809945358673789,0.19206694095986784,-0.3544714637498112,-0.13626175875061386,040125_30DBP_W17_5_S4_R10-2025-01-04_15-02-06.csv,30DBP,6976
0.16488166253473818,0.1397183586002627,3.22173509233177,0.7908887415871717,0.9360386858097747,7.537349776031958,0.022642962109375,0.13770963040613246,0.007770967773437498,0.13805361912499653,0.01400251796875,0.08899683514955631,-0.0032817714843750025,0.6753936152573077,-0.04365642929687499,0.5254675546985133,0.024839400390625002,0.8757789587202636,-0.5851138367187501,0.13711308671875,-0.12024885644531251,0.018963942306593602,0.019058801753509606,0.0079204366666373,0.4561565355303361,0.276116151040835,0.766988784537149,0.33203125,0.09614634503674038,0.3461021543053331,0.17322493017360885,0.15350548083358592,0.1792033659010129,0.1955695377685405,2.52,0.027817502452034095,5.3424849630147255,74.50258973327853,0.33203125,0.06893931310694225,0.39565909864111265,0.21453187952287397,0.11237788337640799,0.025092893930770403,0.23643439031160282,2.51,0.1421737523779916,3.5027194417304295,15.189955170533288,-0.04626552706273466,0.21807153882078067,-0.09721921340510463,0.2099770145372969,-0.4081481135794096,-0.23131036797141855,040125_30DBP_W7_5_S1_R12-2025-01-04_14-51-59.csv,30DBP,5120
0.10667426947766204,0.11390445765615816,2.5092216906515055,0.4679249407270703,0.5482230841623512,6.114727413078526,0.0075451777011862784,0.08857107423506158,0.0003674201667201026,0.10076497924057756,0.00569682197819814,0.07916183124309727,0.0005645828791279258,0.42133252978431496,-0.00046888666239179485,0.34484345344783257,0.004857119589612055,0.4722897536173416,-0.671995471625521,0.11020513706316129,-0.12809901354600833,0.00784483519115279,0.010153581041354026,0.00626659552576061,0.17752110065445065,0.11891700738582747,0.22305761137192923,0.10420006412311637,0.03354357742520292,0.21985799094928557,0.1867070845328679,0.14041185004523596,0.1633662426814645,0.29892010297623034,0.93,0.03483167420699707,6.214192894083184,80.23550127622072,0.10420006412311637,0.028409437286458644,0.25447805379900934,0.24320341280977012,0.07161189173461993,0.052348315545696224,0.3392148681376594,1.1,0.011776244993706548,3.8275591736491936,21.414511044606595,-0.04676686879113187,0.0913249189470556,-0.32060405791142826,-0.028418549084371945,-0.3623983656064595,0.15806305580177965,231124_30DBP_W17_5_S1_R16-2024-11-23_12-21-42.csv,30DBP,12476
0.1147996624789573,0.1203898509662531,2.2346945477057933,0.5248686178533409,0.6779309066305521,11.0546452506772,0.010358989854719582,0.09773893690261266,0.0005853298433568708,0.10908097190454391,0.0033410615209804395,0.0781240462696016,0.0026029524389254094,0.5593274323446088,-0.015185555717880043,0.39086300333671525,-0.011763152098043985,0.5187512876847186,-0.6686358427075724,0.07379395316938561,-0.05181323480236994,0.0095528997868529,0.011898658431639899,0.006103366605534851,0.312847176573213,0.15277388737739708,0.26910289847455365,0.20290560831101367,0.03564247917727267,0.33058180681517896,0.16606871640461437,0.11737059010207469,0.159371917567655,0.1811332221462202,3.88,0.11308738109534304,5.975922069031556,63.22487491596647,0.20290560831101367,0.027135734393641815,0.33322870787482534,0.25853885964765316,0.09361596273227436,0.047728173556973286,0.23886616147536235,4.33,0.1591404303285003,5.856055784899727,53.21946451511291,0.15628305161876288,0.044516587966019046,-0.3764268873007649,-0.08941964910815225,-0.3214479012586681,0.4199116308648815,231124_30DBP_W17_5_S2_R16-2024-11-23_12-27-44.csv,30DBP,12321
0.11470795065585028,0.1318495168599872,2.3095141270702375,0.6538404250448987,0.8334054852611319,6.65264571024739,0.017453845039682538,0.09584368303834959,0.0027819065476190467,0.11462977671162208,0.01061825873015873,0.08828145599240106,0.007671898611111101,0.642659862542663,-0.035833622023809526,0.4456766485360128,0.030845362500000008,0.7128973781847059,-0.5544500805555556,0.09718685992063492,-0.14797475892857143,0.00918601157835562,0.013139985708956338,0.0077936154721382446,0.41301169892335454,0.1986276750502927,0.5082226718226276,0.1388888888888889,0.038632630220291515,0.23588091128280814,0.2058629426433218,0.10990099635843666,0.202731269488869,0.2687111375138931,0.52,0.012237861700020123,5.0423798062819385,46.103998195976295,0.23809523809523808,0.04357017561737143,0.2930825656325862,0.28755854508594886,0.05737557844871292,0.05540476060932449,0.26706916523220525,1.56,0.09718417005730132,3.2010942588787845,13.11838885540125,-0.0873686712443149,-0.0006539062637552118,-0.23755833737134846,0.09603645921844685,-0.3393307730300001,-0.0045241280594506906,261124_30DBP_W10_S1_R8-2024-11-26_13-18-24.csv,30DBP,5040
0.10077831983502077,0.09664870371700358,2.1886360603432906,0.4574345342001089,0.5154779947292273,5.737760407183799,0.009394875849056605,0.08320657926398069,0.0059546961509433964,0.08687383592733555,0.005172156905660376,0.06983641874640897,-0.0022144931320754735,0.42352450689013277,-0.008442952679245285,0.30845117919584736,0.003175700075471703,0.4476363396801821,-0.716577196754717,0.08528139426415095,-0.07100667411320755,0.006923334832813101,0.007547063368729618,0.004877125383323782,0.17937300793653013,0.09514212994730872,0.2003782926022714,0.18867924528301888,0.0476520677606046,0.25056525703853716,0.20867613808844684,0.12000242180664429,0.16732309230694384,0.1889110322532353,0.81,0.05925058820218176,6.276089861213425,79.8386077796487,0.2490566037735849,0.021450582112221526,0.3224352983277925,0.23648959921374627,0.05131038375028759,0.05398398091587203,0.2523505020224733,3.46,0.17579931148416483,4.2881121409491225,26.438178743792047,0.033158191679228365,0.007225665667153789,-0.17244547919841982,-0.00918300231511546,-0.2474891153581327,-0.0035251090696133643,261124_30DBP_W17_5_S2_17-2024-11-26_13-22-15.csv,30DBP,13250
0.15860752246380694,0.17901478473442828,5.630574010272666,0.8440709797452834,0.9984142273000776,8.762016615790111,0.020503028105256303,0.11930308390034561,0.007714508141731258,0.15559291255930938,0.013024745652315508,0.13457906750203524,-0.030649871458346904,0.9361103855437248,-0.018477582785123424,0.5209766967933749,0.014986593662476394,0.7483883591726789,0.059636525109099205,0.39616271985931084,-0.10286911509151306,0.014233225828132903,0.024209154438688894,0.01811152540971736,0.8763026539228211,0.27141671860173605,0.5600851361451746,0.16609131765778673,0.007328436616315764,0.2031349638786105,0.15846444906499932,0.11722998551634928,0.14776454750786536,0.298267421019245,0.77,0.11568009972562321,3.9485631854118095,46.877295064639505,0.20517162769491304,0.013435201140639338,0.2674870973308937,0.24666981757180695,0.10159600087850948,0.05136592654021034,0.2766592597216259,0.86,0.12560156097019676,2.3963824893070367,7.961068518515001,-0.021298712317898854,-0.021176665745437653,-0.07974276617279828,0.23784334385989914,-0.07689990380718235,0.009835831773602385,261124_30DBP_W17_5_S2_R12-2024-11-26_13-27-55.csv,30DBP,30706
0.1476509499910328,0.170703047613787,2.3028090174059157,0.6768463362563724,0.8324059345969343,9.208857797230067,0.018892925879146445,0.12428578034138246,0.0033053200824303664,0.14638647349059164,0.009571797912650401,0.11664609020114897,-0.02366458990892775,0.7129069062775217,-0.013044273216778573,0.43863844647633154,0.010258919231536266,0.6705040256323695,-0.378504064614771,0.18595729541979658,-0.1315541773582397,0.015446955195066371,0.021428999621011687,0.01360631035921458,0.5082362570181871,0.1924036867271696,0.44957564838921327,0.20607591570830283,0.01377456205474314,0.18994315851560525,0.12699624591794184,0.11921862822935879,0.10451167585144078,0.42881362883632734,0.75,0.17037581727703738,3.1852257715707823,15.635041868388114,0.12630459349863724,0.01736144494878614,0.22725189845048435,0.15466160672255067,0.1145672777465871,0.05724600660441689,0.42346782420678475,0.89,0.12344827567606993,3.047623457259847,13.208205842661158,-0.08027279183779236,0.14342394911576825,-0.2246551241040769,0.26370319634840556,-0.2538698041160871,0.13229519444621698,291124_30DBP_W17_5_S1_R16-2024-11-29_14-41-39.csv,30DBP,15043
0.12238251694061111,0.13178503802601846,2.071152080742986,0.6545785286003574,0.8697870310038506,6.318283087286768,0.019329438475572672,0.09781981473624744,0.003054094871275086,0.12245523092024388,0.009565944252990068,0.08549418450723482,0.011663145144942228,0.6108615878709196,-0.011885596797080884,0.4824868712073417,-0.0007303537401175731,0.7608324776153048,-0.5733214342185282,0.1254884042165011,-0.1618557275491587,0.009568716155033774,0.014995283579730252,0.00730925558455711,0.3731518795361813,0.23279358088744995,0.5788660589942433,0.14190147982971824,0.07336220120305476,0.45134667042040216,0.10402305145933474,0.09241180750087412,0.13154665930846202,0.3808953118853319,0.68,-0.010951281432615716,3.9843903498963433,29.476553175860552,0.14190147982971824,0.07767397033855261,0.44401740411933227,0.21373058377669282,0.0515085437180447,0.03205491343973534,0.28034622862714026,0.91,0.09699349790180652,2.9632886326821977,10.666769211151783,0.07994164157255991,-0.04313619982917618,-0.21676279645295232,0.00677128911215076,-0.3621928573372441,0.23437844072404176,291124_30DBP_W7_5_S1_R8-2024-11-29_14-34-27.csv,30DBP,4933
0.18172880713433384,0.17019905168635116,2.0800783460278605,0.9255893793631026,0.9025226669770564,7.373625789139085,0.021531450975854356,0.13084730151411714,0.008991372290364884,0.15762376357444513,0.017512061096968297,0.13848527407979463,0.005887638355318977,0.9014991970206306,-0.0166045606726838,0.5654245540301781,0.02039528596775438,0.7336189951385789,-0.06996280498341434,0.2394393580189771,-0.12524663233819333,0.017121016313526277,0.024845250843372576,0.01917817113695584,0.8127008022288419,0.3197049263002258,0.5381968300281382,0.12342821877651779,0.02914492816137972,0.20112659237338523,0.12893037026730347,0.14644417317601768,0.13688832961539193,0.3842559407792029,0.77,0.15787138113276547,2.6730524603726376,13.31717078662912,0.12342821877651779,0.01844074496357971,0.22709667692732036,0.21070433723832518,0.11311756023289152,0.06215754023373557,0.39041463992045267,0.97,0.2107603999337136,2.0065947152192405,5.784954026075386,-0.0614067676295006,0.10161007297656835,-0.22730713582280843,0.3791795237505408,-0.18573312442817833,0.020404188039736183,291124_30DBP_W7_5_S2_R8-2024-11-29_14-49-58.csv,30DBP,12963
0.1181440170064547,0.15372542588710056,2.487623149853892,0.6961252015642925,0.8463595507060213,7.478433772032015,0.017926526425349833,0.11343236248518888,0.008845543309818434,0.11659440137417773,0.005846986816236844,0.10342211080593564,-0.027218115300104085,0.7126506304119956,-0.016287459234416567,0.44151251446607126,0.025045063258933728,0.7046510203975554,-0.8029893465941945,0.06439450526194056,-0.2571224431594773,0.012866900858971285,0.01359425443180286,0.010696133003555227,0.5078709210266148,0.1949333004301528,0.4965330605473161,0.19659997687059097,0.04223281770458501,0.3002152228384671,0.20934588903577833,0.12495581388788542,0.08329330167885426,0.16963581974069966,5.17,0.16241715336435888,5.254972241245656,47.86186790393038,0.19659997687059097,0.03341577477325683,0.21634365748161652,0.3078191753942671,0.10560615217166638,0.04944304524529213,0.3121987991852941,1.19,0.15606258160839004,3.7429155957803175,17.777657084097868,0.1852070189462476,0.20261293077088702,-0.14477512534296164,-0.054528539925280436,-0.17422826088317026,0.37737175912749954,011224_APULL_W61_S1_R12-2024-12-01_07-36-28.csv,APULL,8647
0.11774656147403534,0.15805776007787642,2.811179927000049,0.6994803757420229,0.7611574335931875,7.571333049714496,0.013678245854705954,0.11060182247850496,0.007160020756292496,0.12057211652309695,0.004436469283072886,0.10871840019117002,-0.017078056781581776,0.6545024862932781,0.004543720267207444,0.4902772925096453,0.025726110103781466,0.6316424812466426,-0.7865919422641058,0.0764197211022307,-0.2675618463557199,0.012232763135566725,0.01453763528285927,0.011819690540127397,0.42837350456408274,0.24037182355058828,0.3989722241154153,0.21472026720744364,0.06715365910146641,0.320118656567198,0.27546045160857613,0.10143371383935067,0.10134102033616652,0.165242974361906,0.56,0.08987319903026364,5.982086296571543,56.398852254554306,0.21472026720744364,0.04277825398166777,0.28784561631453126,0.3510533236754064,0.10867112583773467,0.05226270040171323,0.21619309531988995,5.29,0.08627949230060397,3.850378121907029,21.206859152554685,0.16734133674377763,0.03690928593692664,-0.21941598018716377,-0.02143815166579007,-0.030231378892871034,0.245993165622182,011224_APULL_W63_5_S2_R12-2024-12-01_07-41-19.csv,APULL,8383
0.11428401412419076,0.13391035685984654,2.5959958153799096,0.7385660526989227,0.8804949360535872,9.42397325549903,0.014904662629505325,0.09741539025050958,0.007023805486648184,0.11277362145256412,0.006744072231139648,0.09203296235394481,-0.023535072377061143,0.7625282145418315,-0.011818980884284255,0.47233184696003927,0.029630008171603675,0.7174345608893341,-0.7321351142565299,0.10152441733547352,-0.2736881176127243,0.009489758257659077,0.012717889695526228,0.008470066159642622,0.5814492779723534,0.22309737365268195,0.5147123491584716,0.20429009193054137,0.04179661168374153,0.37940242105281335,0.10403147424304561,0.14888786845908086,0.10380015824622492,0.17178626158523716,5.59,0.06026180382599421,4.717215290497171,41.739104520745535,0.3939880344374726,0.034571206105643786,0.3189296059742551,0.23017522059934653,0.11392671874606432,0.039840733699085064,0.29003969429184656,2.48,0.28610191636580606,4.0982016683837905,23.220334409701415,-0.02125444802397291,0.05307224327810094,-0.15677044896278688,-0.02996668335960913,-0.0897888770724206,0.2918354149731993,011224_APULL_W66_S3_R10-2024-12-01_07-45-29.csv,APULL,6853
0.1320014575535806,0.16324286840625854,1.8174751085902112,0.7823392537834128,1.0820596274648064,10.294374123334988,0.020485549992847945,0.10955642370688573,0.013117730796738664,0.13238706995610527,0.011315025890430552,0.11758528807937023,-0.04080540781004148,0.9876974266396656,-0.01672643012444571,0.47436826106721364,0.023678727220712344,0.7615234453618879,-0.7209797465312545,0.1183266921756544,-0.24368508339293377,0.012002609975442674,0.017526336291562715,0.013826299972708485,0.9755462065906177,0.22502524710793217,0.5799179578358402,0.3432985266771563,0.03873772344450162,0.3033738861647383,0.16995102325417447,0.09233528341928711,0.0803315814068665,0.2536674745556988,2.46,0.16272668687457423,3.3805009500348673,14.517075079890596,0.3576026319553712,0.025238903163403117,0.2011682064508767,0.2994230237583995,0.12208372120180414,0.04169307507175098,0.309221921285823,2.42,0.21590568122703954,4.065772030126329,20.75496241908301,0.14884139845561853,0.20334326524044974,-0.1916167955260285,-0.052927361791077356,-0.2464925548750436,0.23723597539296074,011224_APULL_W66_S4_R10-2024-12-01_07-49-19.csv,APULL,6991
0.12516783049665825,0.1300774693767702,1.3168228301214253,0.743800436784271,0.7535530013181533,7.8724316239889305,0.009717437318674608,0.08549567447773483,0.013771996182623302,0.1158977812341949,0.009253208123377614,0.10713517455923907,0.0071066895709268624,0.713849924182841,0.001706908077569096,0.42186684368383315,0.03135332432432431,0.6577049106393456,-0.8097907373644831,0.018233363108871584,-0.33605687112536264,0.007309510354402798,0.0134322956950093,0.011477945627838626,0.5095817142558479,0.17797163379975972,0.43257574947910954,0.22904260192395787,0.06496188149529264,0.26351031520065027,0.2029235929591706,0.12055493019071167,0.11047046128400866,0.19888405522343647,0.63,0.07274610787381533,3.21484229273311,14.028818382511002,0.22904260192395787,0.05697273880335679,0.24997477682548666,0.2952862843662434,0.13942321321111895,0.06854795169498676,0.27043698533327604,1.77,0.05661781251388213,4.266770225703075,26.724482687962883,0.11019361432226343,-0.08974225520293855,-0.2112627615143274,-0.16635173448716895,-0.03141231124601817,0.20534723181085715,100125_APULL_W61_S1_R10-2025-01-10_14-55-53.csv,APULL,6549
0.13019258844033155,0.18685340397407396,2.785771043809954,0.9290486466957284,0.9489540401188429,8.402732436230016,0.018017245459090152,0.11675581228584399,0.01599076453924346,0.14791440333835776,0.009421202632894518,0.12524912376824543,0.007500681219796698,0.769169603101642,0.05555260506582236,0.5589911100538952,0.033279812197967,0.9249029503666333,-0.7728084419263456,0.0407106220629895,-0.32133856523912685,0.013631919702527237,0.021878670714942382,0.015687343004713264,0.5916218783355375,0.31247106111928596,0.8554454675969029,0.4832527912014664,0.03208690064607603,0.2416713999648151,0.2435117995442104,0.0978419841339008,0.10268795419896042,0.28337449084431493,1.76,0.18897319575347074,4.980192956155477,38.785234941223145,0.24995834027662056,0.024580198339555544,0.21046429792298946,0.31051075743585177,0.08199092848406014,0.044961122568434965,0.37792560952643506,1.61,0.06830007708523166,3.381377248947773,15.776726628872883,0.23861580890315762,0.0954956125817277,-0.2334930504799366,-0.07092919859042889,0.011525465208748305,0.20746251198248167,100125_APULL_W63_5_S2_R10-2025-01-10_14-58-14.csv,APULL,6001
0.12704316557698783,0.16905626450471672,1.8838291641998752,0.8867270159077052,0.9313730656134558,8.07057429180935,0.015524699062233591,0.09922696920217973,0.02074352408354646,0.14356619631439643,0.009649869991474852,0.11619634224293794,-0.014057132566069913,0.808613998343407,0.023563209718670076,0.519335543911769,0.028545434569479968,0.8536827246457536,-0.6806650453964195,0.04688892710997442,-0.35123089663256607,0.009845991417050325,0.020611252724183817,0.013501589950637964,0.6538565983169115,0.2697094071701329,0.7287741943585975,0.40494458653026427,0.061541423667213664,0.31932221676600114,0.23354471271004207,0.1021742189111762,0.07581293388754957,0.28819270208456055,2.06,0.21112562944109026,3.7711282676891624,17.963298391341453,0.17050298380221654,0.04652163047537991,0.23383274321325762,0.2943973587396633,0.11623042070309357,0.061818050025631274,0.3129503621047021,2.16,0.00827916583504814,3.264265551861251,14.47853043184669,0.10520471196696597,0.15907210666396743,-0.37106677235957136,-0.1316050948835072,-0.13980364150855584,0.43193890699693616,100125_APULL_W66_S3_R6-2025-01-10_15-01-48.csv,APULL,4692
0.12603475187464233,0.17663909019039697,3.000355288187384,0.8068236410157033,0.8928013455219542,7.584590810016978,0.013307709248711691,0.10985234651996797,0.010742235014917275,0.12823556904069056,0.00763075698399783,0.135002279059819,-0.00861480160021698,0.8133946760093487,0.0064592152156224625,0.522765492820796,0.013313786547328448,0.7162115805947846,-0.7270974305668565,-0.0028927938703553037,-0.3551158958502848,0.012067538035943121,0.01644436116718971,0.018225615351345245,0.6616108989603533,0.27328376048416975,0.5129590281780797,0.10848928668294007,0.034132811084794365,0.2840893522758714,0.22546069101565816,0.13081431002116614,0.11992385763013406,0.2616702573187489,0.51,0.011307809999434575,5.712011156168919,56.24591553470177,0.10848928668294007,0.05106470067716362,0.31030128859304473,0.32036815875383157,0.10576841655850024,0.06667468686077761,0.27194235128760336,1.15,0.004984536970703444,3.282176140389059,14.153935298249628,0.1967881270181096,0.005920446008065837,-0.2664645089833234,0.004418692106866877,-0.07939369737946879,0.4126722176590901,130125_APULL_W61_S1_R10-2025-01-13_16-22-26.csv,APULL,7374
0.1145358385173576,0.14546264405571552,1.7877179834884471,0.7350047517333609,0.9364361279866589,9.721827850507536,0.011512073837131815,0.09858161428541724,0.011674242836198851,0.11299877931985755,0.008903111688657869,0.1069785090244704,-0.03488826669332267,0.7930660678513886,-0.02185599533519925,0.4951195929254969,0.032095328535252564,0.7351150048041382,-0.7935200338531254,0.06430976409436226,-0.24540794388911102,0.00971833467511878,0.012768724127777865,0.011444401393098694,0.6289537879772633,0.24514341129870976,0.5403940702881881,0.3198720511795282,0.029174629735488938,0.2970155010485326,0.19875227057851583,0.09007738494985282,0.08365840787436953,0.2534738457684206,3.0,0.228799553220419,4.297128502659476,25.30270959274625,0.1332800213248034,0.025202170506353233,0.20370168873710984,0.3068671185681053,0.09970795558201105,0.038288172787261654,0.40356096810650527,1.56,-0.0030163242400352273,4.3122650009956445,24.267621681151464,0.10197995763611464,0.15088180961237077,-0.29604022870576713,0.1033460473506838,-0.137421770865225,0.16566558993305822,231224_APULL_W63_5_S2_R10-2024-12-23_15-38-51.csv,APULL,7503
0.1477474674344123,0.16996309542341473,1.9136482844687004,0.9001687326998898,0.9779827345265134,8.7636124226991,0.01480313936430318,0.10263033041443693,0.0213278358598207,0.15734040904967514,0.010065981907090465,0.12106146261379477,0.018434082803585976,0.9490744862253412,0.006230215158924203,0.5247728429620159,0.045919452648736765,0.7669873056494765,-0.7268017333333333,0.07116463993480032,-0.35477913528932353,0.0105329847209765,0.024756004319919093,0.014655877730191228,0.9007423804038954,0.27538653671043656,0.5882695270274434,0.21189894050529745,0.03310384191757898,0.27045651371688145,0.1877864802286811,0.10772298722123697,0.1265096061823009,0.31890864868806335,0.52,0.08655560900560615,3.456799188966958,16.373604445783716,0.21189894050529745,0.03164690554194319,0.23814919208882565,0.26697088350255227,0.09577567883916205,0.07290901681293227,0.36543670734424605,0.53,0.10755227430943448,3.1813277129645234,13.872807016347277,0.0026677595370761488,0.07244221160303235,-0.1467763704592665,-0.11079196327370738,-0.026480967718893807,0.07575485968589728,231224_APULL_W66_S3_R8-2024-12-23_15-43-25.csv,APULL,6135
0.13645824049261004,0.1613314152790627,1.326351293826413,0.8454039948723899,0.9022808773441593,7.931659485895748,0.014791392924609308,0.10075575391212854,0.014350701528421774,0.142214251172109,0.009298156963764383,0.11732002671047707,0.01600342727116606,0.804998924289538,-0.00742947192168985,0.48852947286069215,0.052223244890949684,0.7995111294479447,-0.7268438145285935,0.09550447037609479,-0.3365806299158509,0.010151721946401406,0.020224893236443706,0.013763988667347054,0.6480232681073134,0.23866104585354572,0.6392180461111282,0.22325261892495277,0.04693392272025288,0.28027320419763657,0.16540022672467258,0.08391539036558573,0.0954502036969531,0.3997250047045032,0.57,0.12185409811390219,2.9973934142042786,11.137596285381688,0.22325261892495277,0.04776861979476461,0.290125409182179,0.21897340770152907,0.10170399662473203,0.06259651366662919,0.39902343810550406,0.59,0.16723611633789404,2.855086193277259,11.009613727384085,0.013290072677739826,0.009079944702977502,-0.08284854951062777,-0.24390538290951952,0.09098407161544105,-0.048289837736697074,231224_APULL_W66_S4_R7-2024-12-23_15-46-48.csv,APULL,5823
0.12581833348483357,0.17051112596862392,1.6121591272557434,0.7177932039660395,1.0309087615634225,8.997202329149879,0.01936557783018868,0.11287384192009772,0.016615314016172507,0.1318590088495727,0.010050629380053907,0.11843743431208915,-0.038022435309973054,0.7777218455730613,-0.019115046327493272,0.46562049621945656,0.011568865902964966,0.8686125703906139,-0.6310484351415095,-0.04302071057951483,-0.3137159973045822,0.012740504189803211,0.01738679821479169,0.014027425846430434,0.6048512690815686,0.21680244649965294,0.7544877974405891,0.23584905660377356,0.0499589936821082,0.38833777233734634,0.1844582083278255,0.07776162122140771,0.06483054958146724,0.2619142904829241,3.98,0.2028596412359458,3.590376183604256,15.531646471275238,0.23584905660377356,0.050137969426078156,0.31359142857205785,0.3120025289116789,0.07945671885065557,0.03262419761990484,0.35351738166456076,3.94,0.18756489608010699,4.025445760212831,19.611754180057904,0.21074526356941278,0.1735282356661476,-0.27756225542278073,-0.09064356467194122,-0.32896817010845275,0.5242626108720154,241124_APULL_W61_S1_R5-2024-11-24_07-16-12.csv,APULL,5936
0.14711111953419082,0.214336855308321,3.511290002885834,0.8482720523534558,1.1320889839706718,8.46359325150955,0.02394681994047619,0.12996391839983917,0.011252642361111112,0.18121800130938337,0.010703738839285713,0.13054466475852014,-0.006707261160714279,0.8671698101923259,0.017212668898809527,0.6407778768121486,-0.00123490178571431,0.9156674122735222,-0.6122737566964286,0.020120165426587306,-0.390785724702381,0.016890620085840056,0.03283996399856767,0.017041909496914413,0.7519834797089944,0.41059628741188514,0.8384468098996886,0.3224206349206349,0.07336922731047367,0.28331061590271645,0.19709746229287428,0.11339126414556762,0.13724365077561432,0.2961004392456094,0.52,0.2710416442187378,4.349281322378666,37.51101445931893,0.1240079365079365,0.04325356077280655,0.27541767979326737,0.3343999906793438,0.07912349444917405,0.048219230553396344,0.318153542745692,1.02,-0.021054024722404998,3.06987546201792,11.30078305012095,-0.07291270182690618,0.07025091910019055,-0.22696010554595536,0.1232801579114755,-0.10956643201019332,0.16640487711833185,241124_APULL_W66_S2_R2-2024-11-24_07-18-34.csv,APULL,4032
0.1365429000401402,0.17887836094178483,1.8033829983178837,0.9133961478689717,1.1127238083883861,8.155793776556271,0.021933786601212823,0.11815547419932955,0.011535819809413803,0.13155159060366176,0.008067054865723362,0.13675101498544875,-0.06504446173837714,0.8269921411847047,0.01878219029742997,0.6789430810981176,-0.04753531446722495,0.9596681395184514,-0.576599090961594,0.031205945134276634,-0.4319061799018192,0.01396071608326843,0.017305820990353427,0.018700840099550427,0.6839160015812624,0.46096370737100506,0.9209629380068058,0.11550678602367888,0.09316592078358567,0.3848991027028287,0.16122446669264356,0.11884629332132497,0.10261373322507639,0.2642016164320596,0.67,-0.03415642520408531,3.5187631577433045,15.647201433521143,0.1443834825295986,0.07863769327613657,0.3208529112051124,0.3244832960513909,0.10581046237354155,0.03653309583949754,0.2413225715472502,1.43,-0.03650491893601199,2.9439479611755823,10.923156915790544,0.13784504177610582,0.10393282242385554,-0.16488615701232454,0.009708980211583574,-0.10877627219103522,0.418395588685753,241124_APULL_W71_S3_R2-2024-11-24_07-19-26.csv,APULL,3463
0.11050698795810208,0.11597021422332403,2.0253119926633527,0.6984624597072849,0.7879455454103496,6.12317748926601,0.015519663578947369,0.08244376267285547,0.00444168547368421,0.09851002918479027,0.005704303157894736,0.09417572532415837,-0.04025254105263158,0.6225668435303354,-0.006323424631578955,0.5611347383912593,0.009386766315789477,0.6360820036855892,-0.7291382684210527,0.015734558947368422,-0.3214903547368421,0.006796974003658118,0.00970422584998823,0.008869067240331324,0.3875894746633252,0.31487219462942695,0.40460031541267394,0.25263157894736843,0.05467460126466025,0.32746541744802327,0.15686629281343337,0.12806716867652454,0.12900468481632732,0.33303112623044473,0.52,0.14214408466982825,3.8203908829866386,28.463268445691106,0.4421052631578947,0.07941622585727887,0.29017665529114844,0.28825685861684963,0.08097286850548459,0.05072844672685842,0.30523655652432313,1.7,0.265592555211474,2.91922280134817,11.080442087057333,0.05657495422526607,0.011203079041002525,-0.2589494262669423,-0.1024915962552019,0.12225439206041865,0.35835585376466417,241124_APULL_W81_S5_R5-2024-11-24_07-31-16.csv,APULL,4750
0.12742249019388302,0.1581479900546928,1.5562579894673636,0.8230881720863319,0.9708279549541179,8.838593693333177,0.016466748933480803,0.09184063477207093,0.014813125296255334,0.12977067408304918,0.009333287407173329,0.12408436440010522,0.004722725233054194,0.8177957364591109,0.024085629957339233,0.5929704048238305,-0.013183643703586668,0.7738914630013263,-0.6100887915942488,0.04603184405119292,-0.40104178559014064,0.008434702195336924,0.016840427851968973,0.015396929488578098,0.6687898665706995,0.35161390099693735,0.5989079965063331,0.4740085321535788,0.03456909862846074,0.3226856763841089,0.2236754134623774,0.10344724795685949,0.09094758850473088,0.22898692636085946,2.44,0.12226756520026975,3.491347406310434,15.538107787993777,0.1896034128614315,0.03620655537806459,0.2706647386834957,0.23777836219514842,0.09462216775262004,0.052471076881548555,0.32171094107792414,0.73,0.06082186802513165,2.9130975792964304,11.83458437395589,0.033023032242707744,0.10333128490955756,0.002413119148995955,-0.0603004547054009,-0.0031509401655470857,0.04913281928373364,241124_APULL_W81_S6_R5-2024-11-24_07-36-54.csv,APULL,6329
0.11276238735250814,0.15481551841822305,1.9235884373675156,0.7334962294978189,0.9147622363908758,9.217357756067244,0.011064169122276792,0.09005307296772812,0.01138070129706586,0.12392607951199795,0.010868840322377534,0.11334663004360898,0.010600619947109934,0.8062017565004951,0.021242827099861476,0.5122532260164703,-0.012304685430046595,0.6795547528880194,-0.5177274999370356,0.13393461428031733,-0.5002816341770557,0.008109555950930965,0.015357673183214038,0.012847458542242762,0.6499612721844835,0.262403367564281,0.46179466217269705,0.22667170381564034,0.03761567023160166,0.3366553739542798,0.2928638242604003,0.07929549087902038,0.09052501619151457,0.32078343620077915,2.93,0.012294859955206287,4.847365132269669,33.55824365408058,0.22667170381564034,0.023632031275360323,0.2652104226995219,0.3084912764285085,0.10132851422643499,0.05624500624939835,0.29252678563402884,3.03,0.026176140650259017,3.314564354237754,16.628844633943075,0.01691982926691528,0.18577234083090405,-0.1491092670290315,-0.022576506669192243,-0.0944328512043909,0.09021638174058813,241124_APULL_W81_S7_R5-2024-11-24_07-42-40.csv,APULL,7941
0.13738194198014086,0.18638885794056068,2.1037539562779197,0.7886123728944981,1.036207809745187,10.252230332985599,0.02348394019331454,0.11631093869895069,0.008768069673781716,0.14543696660418343,0.009775461538461538,0.13495992016582772,0.00023982984293193736,0.8009120068529864,0.042368068666935176,0.7019039132232232,-0.007303676198147404,0.7481867317066234,-0.6292874772452678,0.03883757188884413,-0.3668540503423279,0.013528234461031066,0.021151911255026364,0.018214180051166595,0.641460042721278,0.4926691033980741,0.5597833855018388,0.4631494160289972,0.04316338083356016,0.3943816825469325,0.24412486832219835,0.0915593852829816,0.10286573831765453,0.1683920641058034,2.73,0.05384424054000826,3.774430257069885,18.9781056217388,0.12082158679017319,0.04163201300382616,0.3429040859077915,0.3249772281409545,0.11192713624595693,0.05580052961832122,0.2137622374596667,2.75,-0.011247071141527357,3.6775345623540305,17.4313579240865,-0.11315775796679221,0.07368839218110274,-0.17878113485241684,0.05357459474471893,-0.14287142363826769,0.29593718679005987,241124_APULL_W83_5_S4_R4-2024-11-24_07-26-35.csv,APULL,4966
0.1564517484349814,0.24018528878024234,3.6051480495229318,0.8879651645467169,1.2119554371170147,16.248309646064847,0.021784529485439935,0.15184581034423636,0.015615868594092475,0.17675365997509823,0.01712511522805553,0.16388372364056714,0.04691223149984344,1.0209635311902563,-0.005395817138085793,0.5750574278345681,0.009614038618098326,0.9391593572153948,-0.6861472037365619,-0.020336522283686462,-0.28117692286817664,0.0230571501190978,0.031241856314592645,0.026857874874297787,1.0423665320204774,0.3306910453077096,0.8820202982452335,0.19830915353303413,0.01615824432784005,0.24574941515971446,0.12548694650684167,0.12900676929203359,0.0767778149278144,0.32412046445272136,1.93,0.06766999578151399,5.011864478985379,37.883553031770504,0.19830915353303413,0.022751080271887703,0.20943847526460094,0.21723288469551913,0.12747534006131647,0.06441736142528393,0.3662276334599857,2.42,0.1112149437901771,4.711105291606456,32.89543148582531,0.21557538278731947,0.16595312218585745,-0.11157532769390711,0.21432538311675073,-0.05946109921350234,0.19076593466505112,261224_APULL_W61_S1_R12-2024-12-26_15-41-02.csv,APULL,9581
0.11316443488567635,0.13389719723032323,3.8630865729219686,0.7063895148183175,0.6854174213483323,7.039525655380624,0.009373495364570284,0.07536380240695527,0.010475249937359057,0.11257121027104591,0.008388785642696066,0.110073950878653,-0.011392129416186418,0.6305361581680302,0.007952311826609874,0.4282962804029601,0.018109863943873716,0.6223432388961447,-0.8086149906038587,-0.04336268917564519,-0.290231286770233,0.005679702713234597,0.012672277381888033,0.012116274662036115,0.39757584675729923,0.18343770380701102,0.38731110699974386,0.21297920320721622,0.035172040988597365,0.27392305466716466,0.17205057058225617,0.1215105354601156,0.12208768754962038,0.31418755849420904,0.53,0.03178159114099484,6.608134825346425,103.68746262417844,0.21297920320721622,0.03477243857036675,0.265836335345242,0.32583802689259234,0.08268145017435345,0.046657215044398785,0.25858598187032705,1.51,0.07377708807132498,3.7655719196572583,21.81045647466316,0.0527437899858776,0.04337629716650626,-0.29284300754099335,-0.05609006723894795,-0.035140689843532844,0.38569917503999607,261224_APULL_W63_5_S2_R10-2024-12-26_15-47-27.csv,APULL,7982
0.13264793531483277,0.17398314944231855,2.742335123457197,0.791321072125185,0.9077419884462686,7.8247033167003845,0.010739116645911165,0.11029549240629492,0.014988087864950877,0.12885295228055207,0.012258321156773213,0.13641686631069733,-0.012263019233430194,0.8401086227980444,-0.01967229057700291,0.4342408709327343,0.03381273183893732,0.744474760068456,-0.7631771123564411,-0.033463821917808216,-0.3333864191227342,0.012165095645147062,0.01660308331141423,0.018609561414030668,0.7057824980996269,0.1885651339884196,0.5542426683789852,0.22139200221392002,0.0386267393821891,0.23404254979885483,0.20308217474183732,0.11950286761021843,0.13585548240523063,0.2259289527383601,3.39,0.12022784054803239,4.670177235091413,32.35035470639413,0.22139200221392002,0.03054737250233657,0.2167108226776147,0.32660789744382374,0.12261213777302551,0.07828517880619765,0.2621188313443385,1.59,0.11866271650426072,3.9078284471595692,19.53359254737809,0.0980112690127932,0.07556484442581507,-0.2928266505248178,0.08271679141087061,-0.1255605950633068,0.24262825491247178,261224_APULL_W66_S3_R8-2024-12-26_15-53-34.csv,APULL,7227
0.12827352702664216,0.14714492933837411,1.5121675952925986,0.803076878653729,0.8544247251454082,8.149813020488079,0.011136878792001089,0.09160918812027344,0.015335962998231532,0.1312488454077169,0.010174242415997823,0.1096661472525499,-0.0017124000816215398,0.8033104032768219,-0.013991106380084347,0.4495162060607443,0.042439083934158635,0.7250443952377481,-0.7513722669024623,-0.001795850904638825,-0.34984192327574476,0.00839224334805565,0.017226259420858765,0.01202666385321796,0.6453076040127703,0.20206481951124558,0.5256893750656718,0.10882873078492722,0.04753117287819691,0.279444974096027,0.16351177478279444,0.10118162498404334,0.10761543451252145,0.39710647189082177,0.54,-0.023255976479482226,3.358079295519179,15.411077299032023,0.10882873078492722,0.057817768973033354,0.24311966571253393,0.2721535220176079,0.09378853126053081,0.06930103891698765,0.3470236712243209,0.57,-0.020750286322937076,3.2634395206371996,14.962034253425418,0.05279723284156269,0.02494972986308753,-0.1912763851391055,-0.17669105057190865,-0.02433219677299107,0.15240286892230567,261224_APULL_W66_S4_R7-2024-12-26_15-58-46.csv,APULL,7351
0.11272480329846998,0.1336883429489428,1.4921158275314956,0.5887415602018967,0.718530851456778,7.105642584638352,0.010941026951543082,0.08390239942006822,0.00996317008797654,0.11651833108028554,0.0048995964250802965,0.0986006293469762,0.004004360005585805,0.6635038122181159,-0.008590261276358053,0.3528128193422967,0.007154384862449383,0.5459820442303259,-0.8241309590839268,0.004958331099008519,-0.24873488926127638,0.007039612628444664,0.013576521477735035,0.009722084107619785,0.4402373088279729,0.12447688549226008,0.2980963926219256,0.13964530093562352,0.03897301154398804,0.3496788874187926,0.23329020067045267,0.08990709863921888,0.09451434310738073,0.19515723272106233,0.65,-0.008045227393643812,3.6184191439330564,18.156692123754656,0.13964530093562352,0.03831661122122439,0.33218717574906775,0.3053960726557045,0.06217741491800103,0.0879498972324355,0.23236268503723237,0.65,0.01693354553704001,3.7552275572616725,18.65221589564707,-0.1849490034359841,0.1323359829321826,-0.1590239752283954,0.13704239955636194,-0.1134150093006171,0.11786283694126856,271124_APULL_W63_5_S1_R8-2024-11-27_14-33-59.csv,APULL,7161
0.15512993782397438,0.18260716731410725,2.3851515842732094,0.9925588701620812,1.202800191816069,9.967487070126001,0.0304527920610687,0.11444264018669288,0.01696748458015267,0.14684388628409173,0.008818718473282444,0.1465071600454973,-0.08108887297709924,1.0064422524108279,-0.01749189282442747,0.6046590839701401,0.03329428000000001,1.0225807468766335,-0.48391889007633593,0.11833443541984733,-0.32234481801526715,0.013097117892900852,0.02156312693901526,0.021464347944596958,1.0129260074377804,0.3656126078276089,1.0456713838827734,0.366412213740458,0.08010632389294173,0.3562741628132844,0.165342554603167,0.08603003748157391,0.08231470804276704,0.14906048065979863,3.7,0.08167228992846769,2.6846365775325394,12.61803792295365,0.366412213740458,0.05012981815056979,0.22594940963091392,0.36082049904642804,0.10236403744700379,0.03846816589924877,0.3196479378486411,1.76,0.13303043548689894,2.845900204507165,9.917280543141658,0.1578925554007808,0.08778120538918704,-0.3443239627031808,-0.16106282099532332,-0.2779952540051567,0.47165039414983845,271124_APULL_W73_5_S2_R2-2024-11-27_14-38-27.csv,APULL,3275
0.15805932117362984,0.22431852895683999,1.8243968189261897,0.9139113919859422,1.2041789538375987,10.542636479116597,0.028690542975362048,0.13975384214980666,0.02156094075606545,0.17290070007820108,0.013072986646605228,0.1562730420014241,-0.014157270077111143,1.0360484251795945,0.018193031220613123,0.670793221380848,0.018586595636637202,0.8724684383644346,-0.6463968143690052,0.035802700394959565,-0.34370052134662404,0.019531136395633076,0.029894652087532038,0.024421263656378863,1.0733963393171178,0.44996354585049525,0.7612011759420751,0.1880759826970096,0.07624965585402088,0.4473415755601361,0.13976652287113703,0.06318650731876084,0.06538628150101523,0.2421229264134606,4.08,0.1824958401963321,3.094189633614848,10.611531556450501,0.1880759826970096,0.056643361983682264,0.31994826172555224,0.24959614217024026,0.09100198063530301,0.046831206323652154,0.358695234264822,0.69,0.10963554691973555,3.086785219167226,12.035055823508968,0.04377715135151356,0.09704698870691683,-0.20258172714501987,-0.22055809412380034,-0.15496244885325625,0.2922811863209776,271124_APULL_W81_S4_R5-2024-11-27_14-47-37.csv,APULL,5317
0.1592603872812408,0.18815876989208757,1.8797101645269676,0.987349762637755,1.2090180884141755,7.5280209537889835,0.025057324903793293,0.11888029370936096,0.01919982627817482,0.1691078764421832,0.008913194795675282,0.13025397972405361,-0.013213274326553046,1.0838192293466802,-0.03347766245189665,0.638473353428817,0.027379629833241697,0.9232579596794985,-0.5680808847352025,0.06383880117280558,-0.38396330602895373,0.014132524232423928,0.028597473874784698,0.016966099233954167,1.1746641219016316,0.40764822303863896,0.8524052601115505,0.18325087044163463,0.05457367478801827,0.3146942536935097,0.18334628462621064,0.0806026606058046,0.1033640591223502,0.3748521237275452,0.67,0.0952043150496351,2.8485384718813593,11.86775363404547,0.18325087044163463,0.036322493895525707,0.30792090301333075,0.21178257169649253,0.08460908912027568,0.04887243100783682,0.3607264897321359,0.79,0.055336786385761026,2.4630261747337525,6.534074757453659,0.10004031056923966,0.16934673015945576,-0.18337592780018036,-0.039265000275442254,0.00543271816460584,0.2984931836355545,271124_APULL_W83_5_S3_R4-2024-11-27_14-42-31.csv,APULL,5457
0.12934028531613112,0.1431990220240717,3.430525100551809,1.0674152969979658,0.830843585715992,8.095586204794685,0.03388903688321962,0.0768877749867963,0.015212963907841392,0.13504102972627693,0.007651604469494711,0.10793573842872003,0.010580424305349556,0.775700850987412,0.01004994947097796,0.8317015666799211,0.0068136127756353105,0.7321819799022443,0.22014270908731337,0.5542366167309404,0.2586298276475823,0.005911729942420218,0.018236079709533212,0.011650123630153072,0.6017118102225952,0.6917274960178353,0.5360904516935705,0.19776525264511027,0.027808095291093564,0.2990362346581291,0.0852128799467257,0.1594310712343478,0.22331396222830374,0.32241832810983057,0.56,0.03868201966555989,8.273461263666777,132.81338453372894,0.19776525264511027,0.09221519403899615,0.494086413520369,0.21786339537974017,0.07455022583583333,0.06273613264307852,0.25632909766448125,5.11,0.24855515422661564,1.7990078936668845,7.462763440440293,-0.09749186864634332,-0.10214406076459685,0.007875688993023945,-0.06870312986193566,0.1465499091857345,-0.6998759255723754,011224_IDBC_W7_5_S1_R13-2024-12-01_08-07-17.csv,IDBC,10113
0.14691567067234518,0.14926923796701924,3.3697701398786832,1.1101913137123776,0.883733220320842,9.156851822460435,0.049084861980006445,0.09487135851368524,0.01754742083198968,0.13411322808748005,0.01552447065462754,0.11799722852540791,0.004416236214124486,0.6215419208299269,-0.004598149467913566,0.9811045629142742,-0.017415067236375367,0.8151585190170396,0.13978549113189292,0.5306032778136086,0.3626996888100613,0.009000574666232197,0.01798635794804445,0.013923345939677336,0.38631435934895514,0.9625661633712089,0.6644834111260534,0.32247662044501774,0.040707010231529485,0.4417439314545312,0.12013869392876877,0.10746516354822903,0.16314637426086134,0.13979648835278655,0.79,-0.016115914401096783,5.807781580115959,74.63182940254687,0.145114479200258,0.057468386172729743,0.5107022625348491,0.28755046006178975,0.06441185186955872,0.047273207032571804,0.11591726860583841,7.88,-0.01707855813190421,1.8588704822644895,7.756935084058007,-0.1497042837057968,0.08816339829596678,-0.015623072128627565,-0.0140926716533116,-0.07047288707171201,-0.7573808102601697,011224_IDBC_W7_5_S2_R10-2024-12-01_08-11-04.csv,IDBC,6202
0.15557855195064946,0.13554593430479886,3.2244290256685755,1.3512235917253657,0.9667264616582529,6.9884469950229295,0.06413566806053365,0.09424021497807215,0.017615150736758265,0.12319405608361784,0.021092538430904022,0.11685320268568947,0.010941860812425331,0.728878865129219,-0.024849188172042982,1.263450800282624,-0.008469213261648734,0.7952027793974686,0.20222144743130227,0.4308170943847073,0.3933252978892871,0.008881218119113255,0.015176775454333578,0.013654670977902825,0.5312644000320581,1.5963079247348027,0.6323474603614592,0.29868578255675027,0.11131676449911307,0.3626188054965435,0.1461737251592319,0.09240304913952503,0.1854965063667191,0.1445828279662316,3.38,0.1399188965098372,5.96597549246475,89.44737735775703,0.29868578255675027,0.07228023082140486,0.4170649755251371,0.4464586425180986,0.03617928350706436,0.016722182269264703,0.3270684913569394,10.12,0.287292448312682,1.4156817282287786,4.6987823841699585,0.04664725298937807,0.016477067466180616,0.08851533759303158,-0.09908499046431068,-0.24795926274552846,-0.5941558656937469,100125_IDBC_W5_S1_R10-2025-01-10_15-12-41.csv,IDBC,5022
1.416441687119933,1.4637906113207202,34.06870319563975,1.2285116721518625,0.8929613559683752,7.738391952349919,-0.5499792876981132,0.8848727706689961,-0.16466002686792452,1.210033834349593,-0.1635044938867925,1.243275326329161,0.017878851924528302,0.6534004793850862,0.0013479838490566309,1.1587706791922252,-0.00013491441509434068,0.7326974448233436,-1.813428477283019,-4.099038613886792,-4.277570025509434,0.7829998202714258,1.4641818802707784,1.5457335370588816,0.4269321864606604,1.3427494869556111,0.5368455456506567,0.22641509433962265,0.034375367235604144,0.31908929897436383,0.16552077408730842,0.08118117703555684,0.1270447883811007,0.25682644433947344,0.56,0.05380633161783502,6.383168360279547,76.82029955718592,0.22641509433962265,0.11280727602944038,0.4589875869623803,0.36086822493378246,0.05285195573869791,0.022256210755649115,0.31291221699941324,4.16,0.25731539626349975,1.9368053240820862,8.826904061643496,-0.0415567021393198,0.101421232764683,0.09656861360504149,-0.05859728924036167,-0.11365290916501726,-0.6034248396198587,100125_IDBC_W7_5_S2_R12-2025-01-10_15-16-15.csv,IDBC,6625
0.13416236721078853,0.09935983901112073,2.4743606194021113,1.2301551165220619,0.7325181788473806,5.5128581072236935,0.047365150892252086,0.07206556994474048,0.016251702959114527,0.09271893520871681,0.017397531511181386,0.10618311272546693,0.01584670115202167,0.6626934407520987,-0.03303330856110233,1.1242058313944536,-0.03551739326857919,0.5870269684045499,0.0944436015360289,0.42339057646261574,0.4188380072283714,0.005193446371460281,0.008596800946238227,0.011274853428069217,0.4391625964158553,1.2638387513412948,0.3446006616342364,0.24847526541676077,0.09930563327992824,0.3935566429532797,0.1094871547606406,0.10684262300446763,0.140730406647096,0.23240840353940273,0.54,0.06678776449556535,5.703649050203633,92.04773060900878,0.24847526541676077,0.12876331420436224,0.4522650851965663,0.37175116398401825,0.07771308356581748,0.041373069845275064,0.2039190838841884,3.65,0.10020608447677892,0.8419427028465769,1.8506549992747159,0.04767829559715483,-0.07775476678162767,0.16192150016513956,-0.022865179921178657,-0.14986844709034494,-0.7666221869503627,100125_IDBC_W7_5_S3_R10-2025-01-10_15-19-42.csv,IDBC,4427
0.14207018949646455,0.13796693237049382,2.2426557637212183,1.2006351483646522,0.8880858264983295,7.3411271587746665,0.05287125613079019,0.09808379871902273,0.02143236315470784,0.10958615338271922,0.012506079170451106,0.11908265225522915,0.008652680593399947,0.6126679577534693,-0.010755642597638518,1.1331923413220486,0.007468102179836497,0.7554509717760246,0.2276864987889797,0.4300716238268241,0.37473393097184376,0.009620431571153765,0.012009125013220864,0.014180678068139833,0.3753620264578068,1.2841248824309464,0.5707061707573399,0.25734181047532545,0.06292738109380287,0.46760127783329497,0.1497664798297184,0.07418268427797971,0.0985481735338927,0.12087319468644388,0.85,0.03279116726083591,4.316325341039639,31.662345135866836,0.24220405691795338,0.09746040051751984,0.5684452653169495,0.33841081751212604,0.03415821816861654,0.017683850655083627,0.23756784337748058,3.95,0.20955715840434577,1.3354759304990351,5.016851537587717,-0.01307028705659591,-0.009984490507166661,0.1566610358157351,-0.36522988876708684,0.14111825536600592,-0.6632995187734942,130125_IDBC_W7_5_S2_R12-2025-01-13_16-44-16.csv,IDBC,6606
0.15744587230816315,0.1583050887107155,1.8477435425994593,1.2144532408770383,0.9280879925470157,7.099008959112603,0.05388560800889878,0.10267530823725506,0.022698597775305897,0.1339514581245202,0.018479119243604004,0.1326981843824637,0.027833812680756395,0.6548872882278793,-0.028370212013348182,1.0946073766610238,-0.0027878235817574925,0.8413927763140425,0.0901385085650723,0.3959672102335929,0.3746158723025584,0.010542218921615335,0.017942993133685085,0.01760880813840233,0.42887736028246554,1.1981653090407285,0.7079418040334523,0.22246941045606228,0.08770143860842405,0.3917700189644334,0.14433766975342446,0.10708109664302479,0.1234098748083382,0.12294142878844079,0.86,-0.007751520564555765,4.152190118016695,25.34289434902872,0.22246941045606228,0.17585113740665295,0.520316074577655,0.3164897617820436,0.041702680979777425,0.03195673497815757,0.11609636826174477,8.52,0.03693498067194053,1.8672352192065402,6.962276059501166,-0.015914977969594266,-0.02117579084662257,0.15614430833828516,-0.09656663448993742,-0.16557825594887787,-0.7116109753278216,130125_IDBC_W7_5_S2_R12-2025-01-13_16-50-47.csv,IDBC,4495
0.12473791869479371,0.12846296297893964,2.482961494192771,1.101341840341876,0.8377086580842429,6.60591920283665,0.043621775247524745,0.07707922466815945,0.012620240876944838,0.11214091680404918,0.013454127157001413,0.10632135064222983,-0.00112019405940594,0.5877286178587896,-0.017961546676096184,1.0419902211114633,-0.009927624045261674,0.6951907610578146,0.2072022605374823,0.44579823111739747,0.39282239561527577,0.005941206875444599,0.012575585221652679,0.011304229602387987,0.3454249282502031,1.0857436208919162,0.4832901942601436,0.21216407355021216,0.07408045435754163,0.3876219737089288,0.10194433899962306,0.09222866700799288,0.15290732912509783,0.1444767418595984,1.0,0.04926294792627407,5.418692489232256,55.886141252990626,0.21216407355021216,0.17621137434072653,0.5793633775442841,0.23551281709909758,0.05171519192383029,0.03536717227713673,0.2007555430012001,4.46,0.1674371239133089,1.8926225188037857,7.06965557703413,-0.14735217176020685,-0.08109841446022824,0.12841572833231177,-0.09379034838512132,0.036677400816846804,-0.7174484004848972,231224_IDBC_W7_5_S1_R11-2024-12-23_16-10-27.csv,IDBC,7070
0.1300908379528053,0.12841876406267705,2.8758123141164833,1.058240509256544,0.8194735364039665,6.400205345049642,0.04130453792995131,0.07698185710279651,0.011301284749489554,0.11934897138136917,0.015353905292916603,0.10572335995671094,0.01315400486885504,0.5623993100840261,-0.012775192084184081,1.0179109208960735,-0.017397201664834314,0.6622017394808261,0.18011845421705672,0.47817396795979267,0.3615272021360138,0.00592620632299538,0.014244176969790879,0.01117742884053627,0.3162929839829885,1.0361426428794922,0.4385111437714318,0.21988377571854878,0.06726339625144047,0.31674798826958206,0.11299019668052228,0.09895986005942675,0.2077808698483968,0.3306353145112955,0.51,0.05484774896276264,7.006598885010052,110.70738129721711,0.21988377571854878,0.11084070564279956,0.5063660252110196,0.2777349248872475,0.058631291236062325,0.03422786082951259,0.09997821821750666,1.61,0.07993039836536715,1.5742005149098364,4.9276425024746855,0.010170720304288925,-0.02855978983498254,0.0385923279520859,0.026619564790915522,-0.12213458508058582,-0.6804423193523997,231224_IDBC_W7_5_S2_R9-2024-12-23_16-15-55.csv,IDBC,6367
0.13611757176022038,0.13929942526971947,2.814006619196551,1.0459467205154522,0.8708432075939798,6.149627868057221,0.04537106053769505,0.09099437567595034,0.015111624177476968,0.11899984900018684,0.019319224478285393,0.11328830391982588,0.006183738108667042,0.6113153980416061,-0.011025267531490903,0.9646408052860557,-0.017173349313780773,0.7401925073785324,0.13384215848843767,0.47522691276555745,0.3285979761233314,0.008279976404655982,0.014160964062067268,0.012834239805030836,0.37370651588276727,0.93053188322293,0.5478849479793186,0.24440684339161495,0.05284912813589396,0.3880695299374043,0.10206720093723974,0.0757010191365247,0.15375946915726862,0.24738606790752712,0.71,-0.0016141438548744399,5.811353710227183,73.28817580517716,0.13160368490317728,0.10896101351574163,0.5193493619006981,0.2672200537540159,0.04543479518793727,0.026735143485234363,0.07585152307789546,3.91,-0.004121176000056236,1.6193754558689841,4.6549625779445,-0.05928854092871027,0.03996787716518797,0.09093600146606237,-0.0208674465193018,-0.32494729490127133,-0.6640880677514972,231224_IDBC_W7_5_S3_R7-2024-12-23_16-19-06.csv,IDBC,5319
0.138563344006773,0.17121876952804824,3.9728076893538407,1.1381325181073123,0.9482837609999618,12.81455781066682,0.0432798238250349,0.10327553687294833,0.019399605583992553,0.14412083547562685,0.010908397766402978,0.12129345075465027,0.022488266635644485,0.8113876362315599,0.007511045602605874,0.9092104627878443,0.005217437133550502,0.8420839081644493,0.10599614518380643,0.5269155288971615,0.2464172232666356,0.010665836516395709,0.020770815218192705,0.014712101195970769,0.6583498962294381,0.8266636656428861,0.7091053083895127,0.23266635644485809,0.027766528843427205,0.28531743007292937,0.1784153071262464,0.11101961109383361,0.16221885729202742,0.20132255145999328,3.49,0.08590298205728399,7.1654940287561635,90.74498229264175,0.23266635644485809,0.05680728479659877,0.4706248646241183,0.23479821740153736,0.08381182080767971,0.06672793985466907,0.17727453648176467,4.94,0.14284896553454104,2.5077112177926018,14.24828440633334,0.1615209845753611,-0.023825518959142856,0.015960236059677575,-0.20275511766858975,-0.011037430843747689,-0.4867214548314425,241124_IDBC_W7_5_S1_R14-2024-11-24_08-04-33.csv,IDBC,10745
0.13394070523757187,0.13702265354906398,3.400999112746429,1.089740475908104,0.8560355593938381,12.051288607163801,0.039242310371123544,0.08493699146729863,0.014679037112353839,0.12723034856181703,0.013911391459074733,0.10661397099752919,0.012855027325876957,0.703556998989526,0.006034559735638035,0.9206858793630702,-0.013880697127605505,0.7598899948876126,0.10189618301982713,0.4775250191916624,0.19379019572953737,0.007214292519515961,0.016187561595161454,0.011366538811861995,0.4949924508271478,0.84766248845855,0.5774328043302959,0.2414844941535333,0.04639463027665977,0.2568648337073719,0.19706982152992333,0.13552799571502439,0.20492722440985195,0.2244387185098829,0.54,0.05519401605406947,7.172046650550287,106.54385426633814,0.2414844941535333,0.08468677454179763,0.48517354136654867,0.2061265674260769,0.09863858366528491,0.07284108896657565,0.21506000060363545,4.14,0.21506000060363545,2.0919312466007507,13.760126663906977,-0.12820827882614338,-0.07795885597530479,-0.11152927841180409,-0.04056268784614529,0.011169016158717404,-0.6785552118965893,241124_IDBC_W7_5_S2_R11-2024-11-24_08-08-38.csv,IDBC,7868
0.12965507861748873,0.14512943468243875,2.395103886570894,1.1228084296350749,0.8449193982684357,7.801606098596429,0.04683484820986636,0.0883648171488007,0.01804225259858109,0.1230911218065051,0.014342617554858933,0.11041202314348084,0.016744537535060215,0.621947486067636,-0.022196949348292354,1.024495094965975,-0.0020719566078204717,0.7332183951002725,0.17210461392509485,0.4282588846724963,0.38730379046361985,0.007808340909740983,0.015151424267583874,0.012190814854636549,0.38681867542585224,1.049590199609342,0.5376092149134194,0.21448605840620358,0.12510832880741635,0.44290457964259705,0.1517052338063564,0.06829866495713541,0.12292536105126223,0.09059934916876587,13.8,0.07218046699373139,5.301663158276893,42.47083961334304,0.21448605840620358,0.24953742259565442,0.5828160789661613,0.2649731792984822,0.05696403147991216,0.029862129642953913,0.2944236255662565,13.66,0.24162143034793993,1.8483030496443518,8.548758199802009,-0.048394402003651145,0.08285096003140689,0.02608253962238929,-0.1633484195766887,0.009213279437374556,-0.6981230272427451,261224_IDBC_W7_5_S1_R10-2024-12-26_16-23-46.csv,IDBC,6061
0.13083758256972028,0.11354357690910205,2.059753610843297,1.073613972701191,0.8487306462424951,6.4753694588108255,0.04233517379058979,0.0777530090772024,0.01772107173624917,0.1011543922857001,0.015054448972829686,0.10678195342660607,-0.005625289430086147,0.637410410540769,-0.01820540407554672,0.9865622468878136,-0.019451561961563953,0.7020277777686108,0.1528917516567263,0.4898139710072896,0.3657801428098078,0.006045530420559518,0.010232211078689303,0.011402385577601868,0.40629203146575166,0.9733050669843313,0.49284300075873405,0.3976143141153081,0.05263021225330026,0.40164172399696785,0.1549940219523832,0.10418717349661064,0.13931623068296606,0.14300774591199833,0.74,-0.03646018668408441,3.9363120880396973,33.46078659227019,0.21537442014579192,0.09414206449280031,0.5528289259803648,0.30686413887227804,0.04833772192141138,0.02175626438021755,0.17317014627839888,4.33,0.1065219481262684,1.8191416106485365,6.75402796047841,-0.010392942697597869,-0.006184603057303226,0.10528375736415221,-0.10768985812961557,-0.09627377344261587,-0.6830482696750045,261224_IDBC_W7_5_S2_R7-2024-12-26_16-28-19.csv,IDBC,6036
0.1293814118845328,0.14296615685099587,2.2650973778469217,1.0689043480924125,0.8771858591727226,6.534317983625912,0.04037333855799373,0.09247618619650898,0.015414788401253916,0.12241322903535311,0.01270285971786834,0.1077727468821999,0.017020890282131662,0.6698541657695434,-0.005968710945663528,0.9388423867222914,-0.01382855956112853,0.7625709998944596,0.17374009992163006,0.5301839956896551,0.30025342032392893,0.008551845013451399,0.014984998642861819,0.01161496497053473,0.44870460339881096,0.8814250271064086,0.5815145298800359,0.14367816091954022,0.049995777018380295,0.43515521791603073,0.11599932087299204,0.09945010742646329,0.10570439986742751,0.262543131334991,1.04,-0.027237092096131833,4.79559113179971,38.17743314601537,0.14367816091954022,0.06578995442518339,0.5246552183014079,0.241719145283591,0.07377887518735317,0.03383311718421242,0.14823830705287672,4.55,-0.00752347944450692,1.8103381653259722,6.857284533677715,-0.14183868764763574,0.06201628362245462,0.002566041663923287,-0.12401814089560606,0.022955080523153322,-0.6867904953134568,271124_IDBC_W7_5_S1_R11-2024-11-27_15-21-34.csv,IDBC,7656
0.16267110367977147,0.20713884744485458,3.96616072993279,1.1449965662530817,1.0636169706704912,9.971091746404955,0.04022499902506964,0.12182440968176832,0.015428398467966575,0.17763963640718414,0.01065547980501393,0.1449315329873757,0.01579222576601672,0.9220776740696753,-0.01020698175487467,0.93341792184441,0.0005755435933147489,0.8488996431395901,0.2098970628133705,0.5348894863509749,0.2552771852367688,0.014841186794311326,0.03155584042287658,0.021005149254070776,0.8502272370177424,0.871269016820337,0.7206306041225233,0.22284122562674097,0.035462966567060876,0.20183311212924265,0.11590622676748906,0.14857795972773982,0.1882449236004615,0.34276708008307816,0.59,0.07923175063871207,5.387272408985054,54.43166123127391,0.19498607242339835,0.08401832094690298,0.38129261794948205,0.17932021043915408,0.12118437639712859,0.07875296163077557,0.2955115289657864,0.73,0.028695979808006585,2.4236893449587513,10.092357862542679,-0.07896343979023959,0.02111754587296553,-0.015891459854846923,0.0750620467088273,0.26321971304838404,-0.39990227094002156,271124_IDBC_W7_5_S2_R8-2024-11-27_15-25-35.csv,IDBC,7180
0.08214388599048983,0.10035755684341899,1.6741251369793118,0.8431465515398838,0.7015935947032349,7.703344302653167,0.026190372986782184,0.06364896750149691,0.00543133866488948,0.08594659646056065,0.009556685104965013,0.06763980599507805,-0.02234699111407309,0.5697759835559126,-0.030401219149172497,0.28078954632186387,0.0024718419415750187,0.8934714985295942,-0.5599894599577918,0.14304057136510054,-0.44995840164389644,0.00405119106400661,0.007386817443154456,0.004575143355051796,0.3246446714371077,0.07884276932363814,0.7982913186847186,0.16661112962345884,0.07711143238736945,0.29037023237752474,0.09836141491127837,0.13770334290090536,0.14920609473916074,0.32328400842430566,0.83,0.04589473486034607,5.730505829563224,54.29010008583544,0.16661112962345884,0.21629104576753158,0.5856209892773703,0.19171445141111265,0.0404473739782148,0.05037905017706965,0.23398829005407779,5.73,0.20673506019168836,2.0322091134749063,9.418287068096609,-0.19234015340857955,-0.0052475141083226364,-0.02217586794885594,0.2665102526542101,-0.21237094342013857,-0.00843181201456553,021224_MTE_W13_6_S1_R12-2024-12-02_15-47-48.csv,MTE,9003
0.0881976177804576,0.09943598559215053,2.452747299828093,0.8355128130555306,0.6753416028471931,4.805209817244717,0.02673927323674139,0.060144678299114754,0.008083110169491524,0.08227381451808517,0.008068112493165665,0.08022156892343422,-0.009280884089666487,0.5139947366455409,-0.009904149808638598,0.2890709396584978,-0.0048218085019136265,0.8979439126142791,-0.6140809375341716,0.15589296842536904,-0.3810447416621105,0.0036173823277040056,0.006768980555356282,0.006435500120537309,0.2641905892993189,0.08356200815504686,0.8063032702010401,0.3417167851284855,0.03558075341002697,0.38508218188271354,0.1410129725398964,0.14549234288428872,0.14152366152704474,0.18611393385326802,5.71,-0.09267081714877815,5.75607861821549,70.33635622635299,0.16402405686167304,0.11109602423644656,0.7035208791236838,0.15095531501772938,0.047961052623853036,0.03363340708305332,0.39857879465777973,5.68,0.3163668254670395,1.3760851411539967,2.7839409678697384,-0.1564583582549509,0.07177969979724996,-0.0964781950631772,0.3416300628828709,-0.19045968524483414,0.028437921199809806,040125_MTE_W13_6_S1_R12-2025-01-04_15-29-15.csv,MTE,7316
0.1610121983935458,0.14257552660615877,1.5813392092378535,1.197446325714439,0.8585297276301816,8.221502975385523,0.04041663154603721,0.09020092451768781,0.007575603251524152,0.1472490529290761,0.008554643113959669,0.1211359573014034,-0.007337036579646707,0.8182795933200684,-0.019278787712990453,0.3119542066281333,-5.934781929030947e-05,1.1848428950750347,-0.6120823940909801,0.22245580240737847,-0.322558785211818,0.008136206783845615,0.02168228358850986,0.014673920151327428,0.6695814928440564,0.09731542703298807,1.40385268600979,0.21885258715022668,0.19465555209688884,0.4291712792577405,0.14691673155496499,0.11359395408615541,0.11994522733767646,0.2865407187366428,4.45,0.25607924751004757,2.6308131359175784,11.624249508960204,0.21885258715022668,0.26082060732785883,0.6742365943279248,0.16834142243710423,0.06229914447089805,0.04963771608855397,0.4723880071617249,4.59,0.46918000639348306,1.6683809405643957,7.208038456906923,-0.2197690274909328,-0.09779905448729663,0.10604877515622395,0.4331325310881767,-0.04328997961235256,-0.01391246725330893,040125_MTE_W13_6_S3_R12-2025-01-04_15-35-47.csv,MTE,6397
0.1199742058621897,0.14642006476111413,4.236033872713839,1.0016986540681427,0.8424689191443647,19.577941878625776,0.034605510257832,0.11655692459260007,0.0048375851122816746,0.11469016641004781,0.0073677723870252294,0.0884301170240712,0.002021062933185469,0.5521769666623455,-0.0186164997227613,0.5286033998211699,-0.0002803443304685445,1.0623659635278793,-0.6129864031050735,0.10978239326309952,-0.42906626767396727,0.01358551667048506,0.013153834271164459,0.007819885596890928,0.304899402512429,0.2794215543024996,1.1286214404625192,0.19406709176601053,0.08265374927007621,0.34263258351052694,0.16238888478024374,0.15921466747838967,0.15097790905821074,0.21963612256499537,0.57,0.13743795112332222,10.818327324193907,216.22353642643122,0.19406709176601053,0.23939339542005877,0.6568672036450527,0.1272463461857074,0.0968050334900066,0.06078942216155351,0.4042572026102869,5.23,0.3972851673707892,3.797269736014916,51.11191621532246,-0.005837202452914434,0.0009092164707691768,-0.10624017674547104,0.21935314443060266,-0.12978972196590655,0.2589639673790541,040125_MTE_W18_1_S2_R12-2025-01-04_15-32-50.csv,MTE,7214
0.10279863229396784,0.1102000127939996,2.577669159030499,1.0673054640871846,0.8056868804789494,9.812761094013958,0.03419105521811154,0.0687759134004953,0.0031243718019510393,0.09644928830940933,0.012275935946990613,0.08573926905482211,-0.002239118718939811,0.7078094264131751,-0.0025837945886250744,0.3162989052939831,-0.0067225864163445595,1.089672399144047,-0.5493422035707713,0.20863330406773425,-0.4499514437695564,0.004730126264072429,0.009302465215391562,0.007351222258055176,0.5009941841193479,0.1000449974901721,1.1873859374563431,0.22087244616234125,0.11406938167863705,0.383903162634601,0.17620296066745075,0.12986415535715704,0.1358465539876953,0.21874133213854927,4.54,0.21482922789404874,6.1578430442502095,80.49990854862537,0.22087244616234125,0.28685074459831966,0.6937327504237716,0.16235004246222237,0.038802399453202116,0.08978238463465259,0.5373937510650599,4.59,0.5271266053039879,2.054493752849743,12.958144116653711,-0.12242717912390669,0.047964565047175646,-0.25098136118716585,0.17168659640127973,-0.24326706518474606,0.3168220293502177,120125_MTE_W18_1_S1_R12-2025-01-12_08-20-23.csv,MTE,5433
0.06736854153220218,0.08861483182316376,1.9368883811076982,0.6785770465347372,0.6750559590843831,5.086963635587932,0.021733843404100887,0.06340687995798791,0.000809782525857376,0.06472369495578627,0.007052014788604608,0.06049080473736884,-0.003125921611322811,0.4152990186006374,-0.015947717292687354,0.2578839792710388,0.0007335541643984866,0.8227800751309826,-0.39546066512429684,0.1026627103066594,-0.6072007215568862,0.004020432426006689,0.0041891566887296726,0.003659137457774485,0.17247327485065259,0.06650414676466557,0.6769670520325455,0.19052803483941208,0.05899790203200843,0.3604702245772224,0.1209166872831847,0.10171295331840757,0.11893661058524498,0.355501171355812,0.56,0.1972481858603825,4.855967626091687,46.712252941264246,0.19052803483941208,0.13524530395064882,0.5081655636623519,0.11386122357806565,0.04017429969358616,0.019694759695167898,0.6253941586233854,5.32,0.6211346799591784,1.0698103955161644,0.8371642453210817,-0.1269386075317179,-0.2479967342447165,-0.08974313679485396,0.25480539439583527,-0.12148234325081783,0.3362348150722197,241224_MTE_W13_6_S1_R12-2024-12-24_15-24-31.csv,MTE,11022
0.10133105407175218,0.11263307774133877,2.383374470392137,0.877975991124761,0.6796490670137791,8.779905116106608,0.026650495747873936,0.06706659613264541,-0.002165268134067033,0.09826478610416704,0.004175028764382191,0.089828284733748,-0.004987626438219108,0.5973113035270049,-0.009437706228114058,0.29520531617791695,0.001360989994997509,0.8881544489891089,-0.5883375262631315,0.16413520935467735,-0.4579835255127564,0.004497928316819369,0.009655968188097701,0.008069120738207303,0.35678079332112983,0.08714617869970392,0.7888183252591476,0.1875937968984492,0.11462772354008355,0.4102719522795958,0.15323781878984044,0.15168368085018574,0.13009987652821497,0.23311850890930935,0.58,0.16316107984472453,7.164460573907896,92.4374989305593,0.1875937968984492,0.26962153353415463,0.7129699965491995,0.12137162774162141,0.050749263276587915,0.066511949498219,0.43613100679430117,5.59,0.37839040560003506,1.8246614785160746,11.005952462068972,0.032642091983471976,-0.04406300600920747,0.048506341446708894,0.23293477386798803,-0.030147825196647028,0.4606106769011794,241224_MTE_W18_1_S2_R12-2024-12-24_15-28-32.csv,MTE,7996
0.09023124774671934,0.09519683015893657,1.9544893703553365,0.6768643721146202,0.586841697796467,7.09209757459653,0.016729787103377684,0.06181584743888617,0.00027569033218572666,0.08064240252646385,0.010023909463105983,0.08062257850087187,-0.005864937284823669,0.49652755786890673,-0.016687341676746997,0.20976330435070722,0.0022735655531776347,0.7153410846697094,-0.6234224903694054,0.1544161515771843,-0.4399318291616265,0.00382119899458765,0.006503197085240222,0.006500000164129248,0.2465396157232605,0.04400064385212743,0.5117128674164363,0.12096398995068391,0.09915243695877948,0.39565558239394893,0.09326389010334137,0.1278714374798029,0.16532463487197224,0.32751098026288566,0.6,0.19112209510576939,5.159797333990474,61.020016675635034,0.12096398995068391,0.25181929651521,0.698114966306326,0.14036562753449375,0.051466733582629945,0.06374724792738781,0.4398078603475559,7.73,0.39961122724866954,2.0319447982475665,8.571510542109047,-0.14214681687228953,-0.08306722480309553,-0.014434943109200205,0.2795624417743362,-0.17601860204804987,0.2700345803800155,261124_MTE_W18_S1_R12-2024-11-26_14-34-13.csv,MTE,10747
0.17000064999571785,0.16748417794871648,1.885698522943156,1.0210919718180447,0.9977231488079353,8.53720082643796,0.03024405661129568,0.11677615748787688,0.012088736611295682,0.15786318276265224,0.009420736212624585,0.1313309290689413,-0.027318472956810627,0.7561089885700913,-0.05245662564784053,0.44552664882690346,-0.005064723853820578,1.1244998695502617,-0.11588595906976744,-0.4620726061129568,0.12360927601328903,0.013636670957633426,0.024920784471954543,0.01724781293011129,0.5717008025964865,0.19849399481493094,1.2644999566185555,0.17275747508305647,0.05425833684926851,0.43335756042780943,0.12728279960109404,0.11349855825398027,0.119632309383108,0.21371324491488278,4.49,0.06722265875381139,3.4060294109515192,15.940191936933985,0.25249169435215946,0.05139794591932456,0.4556087440467485,0.2725045152109535,0.10021326779695015,0.01966217684787401,0.16531921472645164,11.07,0.02754070381807383,3.3593680348880492,15.429695944317931,0.008407409718914611,0.027064147408566778,-0.03411027940311403,0.14538480721345548,-0.25959335922487997,0.41052005425100013,291124_MTE_W13_6_S1_R2-2024-11-29_15-11-33.csv,MTE,7525
0.07796906648499537,0.09382074937322671,4.631210019953317,0.7741752375714246,0.5678010419426731,5.191638409156593,0.02401123988992582,0.05043856942955023,0.002617720148360852,0.07858364712069889,0.008696651830581478,0.07418688687319963,-0.011600803780808806,0.44615024828885635,0.010247677075855468,0.1937910406735617,-0.01682299844460397,0.8274595814040804,-0.5192213196937068,0.1480431879636277,-0.45780366212012447,0.0025440492860995595,0.006175389594790526,0.0055036941839369195,0.1990500440482082,0.03755496744534204,0.6846893588574159,0.14357501794687724,0.050035944053485264,0.30196581678826523,0.14925512649475275,0.12619464362982968,0.20114429722999297,0.1949536338139078,0.63,0.08035269499810581,17.821720200657918,719.2620884517622,0.14357501794687724,0.20538104521451175,0.7576574053698077,0.1197357447447193,0.05575600693842139,0.03456849405406259,0.4696066292669587,6.8,0.4486884687424822,0.8916117186703834,1.0120142844965603,-0.009399096120327877,-0.18234612034780692,-0.17503699320437294,0.3352073176356056,-0.18566883185409092,0.2754736264101355,291124_MTE_W18_S2_R13-2024-11-29_15-17-06.csv,MTE,8358
0.06617757819047117,0.09467577438144917,4.078127077921187,0.4807229373491007,0.6495777466763573,10.07285026678467,0.008534685680802354,0.05169733436506099,6.10699880082853e-05,0.08268993016942043,0.00503674929139867,0.06111168815804393,-0.0020250099476725155,0.5386902689183329,-0.012228536438460702,0.26751712526141824,0.002935267715033249,0.5395713240586372,-0.18024564850648642,0.5830257169682764,-0.4203727512809332,0.0026726143804529164,0.006837624551423627,0.0037346384295260065,0.2901872058273059,0.07156541230813335,0.29113721374639084,0.14989643519023219,0.01006380089259326,0.24810485200477975,0.10954849641527258,0.12146510908456538,0.166608785815128,0.3946058325656574,0.51,0.1560850677176981,9.242657381233188,243.11547360630328,0.1444456557287692,0.03478418166095328,0.34503393693060586,0.15323526734892937,0.07651819323663969,0.05086747688060132,0.28914500315473163,1.5,0.23014658184245068,2.8213367683120616,15.33658484117499,-0.29164687469810635,-0.04416419090893618,-0.07030843293912827,-0.003610553732364792,-0.016345500865516505,0.24049343375147358,291124_MTE_W18_S3_R13-2024-11-29_15-20-44.csv,MTE,36692
0.1410894241236431,0.12213532677526487,1.8983336927447714,0.5541443317792847,0.6081676648977681,5.0668819473134565,0.0030499020361990942,0.12859329918943055,-0.006842083257918552,0.11402910810388105,-0.0016387588235294117,0.07231928789761316,0.0006185848416289621,0.5777746801855994,0.00015443325791855345,0.3908361091838171,-0.007452867873303168,0.4363266314163801,0.21279083687782804,0.8911989959276019,-0.2500920866515838,0.0165362365964224,0.01300263749496659,0.005230079402017857,0.3338235810635717,0.15275286424194462,0.1903809292831656,0.29411764705882354,0.0787548468756008,0.3124152037988942,0.21962002046718562,0.1515604357321223,0.15878832977033921,0.24074588642735895,0.51,0.17858072664742067,3.4389147316954523,25.666635184762118,0.29411764705882354,0.05642141235443776,0.2898992820549562,0.28998981672157204,0.09527250172554598,0.06820483229757117,0.2267524646984252,0.62,0.1426209208842687,3.380478840861269,15.521896349047442,-0.3197644582965332,0.1960639284561043,-0.2812655243122761,0.33048857071949794,-0.2612462157012007,-0.6869091316060868,100125_NGCR_W32_S1_R10-2025-01-10_15-04-19.csv,NGCR,4420
0.16001692679038737,0.14335012050505333,1.5967875723592666,0.5912381305415315,0.760453206843817,7.021405641520863,0.0127412207217695,0.13977798483154447,-0.008857650291036087,0.13530373387449354,0.0020601734575087308,0.08983625926226313,-0.0067844528521536695,0.766650874001417,-0.0052241466821885945,0.3332261234887741,-0.009238503376018626,0.47851969094261954,0.2172650796274738,0.8788325683352736,-0.23368129615832364,0.019537885043567477,0.01830710040037977,0.008070553478236557,0.5877535626071365,0.11103964937535575,0.22898109461982014,0.3259604190919674,0.13961998588164864,0.35120674344720426,0.14201247453125113,0.13857914739853686,0.13686821997371004,0.2759500046959527,0.66,0.16150805305579036,2.496694993097715,10.171377233047656,0.3259604190919674,0.05402634561575461,0.2912251923449309,0.3011911076149762,0.08116353349310884,0.05829244571541646,0.177231731574904,0.62,0.16514313593156693,3.873974896053574,20.435817751367708,-0.1421466619440227,0.18212964376009946,-0.17431472138402568,-0.15682021768504334,-0.37715239459648814,-0.3969983456562526,100125_NGCR_W38_S2_R10-2025-01-10_15-06-48.csv,NGCR,4295
0.180946175680532,0.13944750141656645,2.122836137836597,0.6742906891110014,0.6807467186603314,5.378651796323964,0.011722042379625944,0.14581781279652284,-0.011174235575009949,0.1500208644095828,-0.006392394548348587,0.09011854821105465,-0.0005522196577795559,0.7404015438948789,-0.009468393951452447,0.4045015092835293,0.00746480362116991,0.4541066886100016,0.20971936231595706,0.8911678000397931,-0.17871921110226824,0.021262834528761782,0.02250625975819842,0.008121352731668181,0.5481944462019203,0.16362147101265315,0.20621288464034093,0.31834460803820136,0.1794432815588802,0.35423150401880327,0.1586395172230512,0.19381334870228165,0.18441571310263746,0.28433822333210984,3.16,0.2744531712836955,2.650783266677347,17.094778757359116,0.31834460803820136,0.07490301301184964,0.3328056306728163,0.28688962553090813,0.12570891694469521,0.08367483061821729,0.244725224475109,3.08,0.22904629641288432,2.762440978095537,11.161182803895983,-0.16480997394599003,0.19108198150275732,-0.29824154611980436,-0.21876484809609598,-0.05722216928848921,-0.5212745333481847,100125_NGCR_W45_S3_R12-2025-01-10_15-09-09.csv,NGCR,5026
0.15958288399380532,0.15216977280432278,1.4852537773353751,0.6304319913123575,0.7984777986620221,7.124384038953754,-0.002634642787996127,0.13769589450143974,-0.0036573516456921583,0.14047237321430323,0.0031729653920619556,0.09952618634985677,-0.021539063407550834,0.7994076317840191,-0.01722597894482091,0.32702073188544867,-0.010147465876089057,0.5368878228254257,0.20195314181994192,0.872942151500484,-0.2366544636979671,0.018960159362551625,0.019732487636458497,0.009905461769346417,0.6390525617545338,0.10694255908289449,0.28824853429822567,0.2904162633107454,0.15041842755987894,0.2894927031290014,0.21697064559186743,0.16334777073876133,0.12392490099433005,0.25831630179559045,3.41,0.25055191624639744,2.652217245098217,10.388674985822146,0.2904162633107454,0.05904347039013464,0.27080089644397204,0.21585947901512514,0.16855591980993012,0.07051399282800742,0.15351415243985767,0.89,0.09842877120551566,3.6990555222381314,17.462433648623907,-0.1806409405076535,0.17650306690520556,-0.31201933243903146,0.06403583771439525,-0.43384399525052164,-0.4086979722822884,130125_NGCR_W32_S1_R10-2025-01-13_16-27-15.csv,NGCR,4132
0.18331724066235955,0.1499284250267215,1.9328279058097748,0.6789391972989491,0.6638060570670793,5.292241492581002,0.0010294605723370424,0.15991978909225393,-0.007393882034976152,0.14635135707014452,-0.007617976788553259,0.09477471838870946,-0.0028633917329093776,0.7202687959727585,0.008597029411764701,0.43140581841092285,0.0016989685214626336,0.4434941763583303,0.17191483275039746,0.9104144718600954,-0.14847739793322734,0.025574338943310976,0.021418719716272936,0.008982247245659184,0.5187871384520472,0.18611098015879815,0.1966870844637538,0.3020667726550079,0.10831816056306419,0.3513967460182691,0.2004178688759053,0.1429592531213828,0.15974491673082747,0.36295292845915866,3.2,0.3132005728695524,2.3594460250665024,11.24493459269282,0.3179650238473768,0.06616314263142856,0.2737463298595867,0.29400715972667046,0.10277695777044125,0.10012973228528368,0.2872431932354723,3.18,0.27679392530337615,2.448733371428702,8.321375293484305,-0.23602309884221784,0.22545286468439238,-0.15390310963728754,-0.13556071098655922,-0.03853629342652215,-0.6005308095928988,130125_NGCR_W45_S2_R12-2025-01-13_16-29-54.csv,NGCR,6290
0.22440391213133457,0.16321166177701882,1.57838702552004,0.8064327615408817,0.7604856056195627,6.910546709020206,0.0006523393345487702,0.18264220350481453,-0.005041205788514129,0.18019522904752536,-0.005891420692798541,0.1054399545655873,0.005701864630811315,0.8420176083364389,-0.014975607338195073,0.49041526965056215,0.010771827939835915,0.5281540585600517,0.16765449361896081,0.8925574077028259,-0.14282573450319053,0.03335817450109409,0.03247032057149012,0.011117584018793114,0.7089936527486167,0.2405071367064336,0.2789467095734545,0.3874202370100273,0.18110849635673118,0.4178883894225795,0.17595914444061045,0.1513910590344137,0.12933346953079694,0.34022531542605383,2.51,0.3366269248816406,1.5356400303740319,3.8532986736859014,0.7520510483135825,0.07782677432160297,0.2523245027307959,0.3878335840638105,0.1444179076543558,0.07199250307568346,0.23904421367825232,2.71,0.06385362215171853,2.8935321294832814,13.423105064871848,-0.16077631748153812,0.17410326048028474,-0.18136187327359546,-0.14528904767742531,-0.046429256792282214,-0.4807567634065384,130125_NGCR_W52_S1_R12-2025-01-13_16-38-25.csv,NGCR,4388
0.19186557773360624,0.16239329255218993,1.320567726577096,0.7752529907735832,0.8797279132812377,6.427709347935157,0.016125517614288057,0.1614448841519242,-0.0022376806488612166,0.15952775565337046,0.0004648954612485676,0.10682302960014295,-0.004323873013272152,0.7938340373365367,-0.01568084155333442,0.5783934285324122,0.0033693399967229224,0.6403510575300958,0.1897618902179256,0.8605660448959529,-0.2341473164017696,0.026064450618828228,0.025449104823801468,0.011411159652953017,0.6301724788340259,0.33453895816947854,0.4100494768799121,0.2949369162706865,0.09879911591029994,0.38066626740059445,0.16524116928002727,0.1259754440489805,0.13264074045907825,0.3169066920223329,0.53,0.2763052766960998,1.7959311000083258,4.68276659508553,0.14746845813534326,0.04241176467512084,0.3556543455362251,0.2678278964665928,0.05925723819293039,0.04329829164362308,0.33325663613334666,0.69,0.10454824531749005,2.8028136243402924,9.73319940510405,-0.17794037558796,0.060407928665052804,-0.09918262135782477,-0.0849917797071681,-0.03928050450048749,-0.5830963212502216,231224_NGCR_W52_S1_R12-2024-12-23_16-05-34.csv,NGCR,6103
0.14818806463517348,0.12429883794255378,1.5599141485312582,0.5467258687438912,0.6897932682163673,8.25054646251053,0.00516650649987736,0.13162557433325278,-0.005067015452538632,0.11969109855766893,-0.0001615756683836155,0.07557535238272325,0.010733276674025011,0.6533466456909414,-0.019481855040470945,0.3405375210181469,-0.0034018155506499777,0.4811062016333152,0.1475788209467746,0.8904206843267108,-0.2004273995584989,0.017325291818558654,0.014325959073941618,0.005711633887772794,0.4268618394356045,0.11596580322118481,0.23146317725003615,0.29433406916850624,0.11487173108106423,0.35886964538097726,0.23178678918208565,0.13724901257295632,0.15161124656851957,0.3021271913046661,3.61,0.24343049359402288,2.504201942236315,11.689789780647727,0.29433406916850624,0.07770687111907106,0.34038302336189236,0.3580410711526497,0.09385505254016319,0.052090444625454806,0.11459981201440081,3.77,0.04655601799394871,4.692283134258665,32.16090306970351,-0.23987633538768213,0.23241452226081685,-0.20336747236648134,0.08518450721067772,-0.339164528156756,-0.5801517660141526,261224_NGCR_W32_S1_R8-2024-12-26_16-02-36.csv,NGCR,4077
0.17364971955691422,0.12813044043238325,1.1154264568020609,0.6480679700179766,0.6873331952812328,6.007515979863308,0.012275038125140164,0.1431240292056305,-0.006100368692531958,0.14008895634283022,-0.0046199416909621,0.079118352216506,-0.005419952904238615,0.6554076549148431,0.0015478087015025842,0.43370720736962654,0.0005751311953352734,0.5242327541780379,0.11877814151154967,0.9039874039022203,-0.1539197084548105,0.020484487736054175,0.01962491568922339,0.0062597136574551,0.42955919412097404,0.18810194172436023,0.2748199805530912,0.29154518950437314,0.16408674201463627,0.3910960490385353,0.18714951017250145,0.1480765402116433,0.16755132097782957,0.3881090598473642,3.36,0.3360890936514205,1.691561741265287,4.570631740026702,0.29154518950437314,0.09669997787084879,0.3129152845969041,0.40732565117010067,0.09501853178609211,0.05205017352310806,0.20011131643811358,3.31,0.1806346376331327,3.6457664485925125,18.451784639739312,-0.32965928274737344,0.2644008584762533,-0.12109304655263754,0.12635580820418027,-0.29136704901814614,-0.7512653156602684,261224_NGCR_W45_S2_R12-2024-12-26_16-04-42.csv,NGCR,4459
0.1941411413416299,0.14872849489236,1.6845686357474428,0.7124281487197714,0.6762723968476647,6.168130209703099,0.011412260455932507,0.15049794608980227,-0.005759301920660563,0.16408930535817445,-0.00478300197451086,0.10028191757116846,0.0036746108418596367,0.7411135294886022,-0.013118475498115248,0.45788076561247276,0.00866551355232454,0.4536789067200935,0.11345261873990306,0.9138914841141627,-0.11961811990665949,0.02264963177724903,0.026925300132928216,0.010056462991750625,0.5492492635910532,0.2096547955178642,0.20582455040273928,0.30515167833423085,0.1560551889854194,0.2881389900340592,0.22338268279149734,0.15897554871432915,0.1666839894932966,0.3094073604378401,3.29,0.3073600083852087,2.1094731943409215,8.133150808541675,0.30515167833423085,0.0679085119836576,0.2911097044018828,0.36442623239726635,0.08835796711126859,0.0757244496457248,0.23829357293109282,3.29,0.23754171217002246,2.457956666354805,8.959208641042638,-0.24136083799995475,0.1344669601473438,-0.12180306843743983,0.060957779107528684,-0.1954991640677956,-0.6352109625616099,261224_NGCR_W52_S3_R12-2024-12-26_16-08-05.csv,NGCR,5571
0.1234992447371492,0.10198884501658019,1.338828444480472,0.8295015686934387,0.6594671602182134,6.815800255942218,0.03835204886533046,0.05637345700829162,-0.0013694740765280765,0.09078384173043778,0.012012462315719728,0.11233574662406264,-0.004786434818618503,0.5494558620013067,-0.02665308961404671,0.7593979142396531,0.04587010435646845,0.4915882551285231,0.505238095080338,0.36976156998509196,-0.6064755781017062,0.0031779666550657035,0.008241705919337176,0.0126193199695856,0.301901744287599,0.5766851921515355,0.24165901258030592,0.23190326321020371,0.08386798528612975,0.4045131869156859,0.226327835013773,0.09042371609562555,0.14264980902359553,0.23543831325098333,0.54,0.15121688002851177,2.7031742268573686,13.806981490859304,0.23190326321020371,0.07574455861643387,0.5313758876128621,0.3371687824909008,0.03753930172460772,0.035664648867663185,0.08379446963116399,8.02,0.059212063941495835,3.789131057620458,22.392387195779765,0.04752473609284733,0.0026059112460429623,-0.1682888481834462,0.053519666024200004,-0.4428143911451652,0.012577201828679753,021224_SACLR_W4_5_S1_R30-2024-12-02_15-12-05.csv,SACLR,6037
0.2192146052289764,0.17773915747495053,1.2541296227105074,1.1517998126173286,0.7981092075844766,5.942531169172022,0.05815904787698759,0.14257938141470997,0.0043168757644591995,0.1325053360826388,0.024535290407129123,0.19433042764160477,0.00013868355757470498,0.7597322741184718,-0.03307489358727941,1.0661066873779348,0.032522899702953,0.49791995842387426,0.7133503723571554,0.42569177406954395,-0.2385648378472829,0.020328880004601344,0.01755766409037306,0.03776431510736899,0.5771931283372248,1.1365834688719536,0.24792428499683267,0.31452035645640397,0.21322787309438554,0.5056989716678701,0.21370468039987195,0.12523456369927233,0.07542321588322555,0.48936718780965854,3.08,0.462297495198695,1.5339830107519379,2.3765237859058175,0.31452035645640397,0.1003232507380868,0.35768194333787967,0.4604735780106836,0.08258880590781495,0.050516119790184826,0.3458177399781571,3.04,0.3041886924179952,1.9912705971309828,5.402307822190162,0.02048089373485112,-0.14566518018092117,0.08841396917748202,0.09449366817948009,-0.21412467671107163,-0.40247566521820877,021224_SACLR_W4_5_S2_R15-2024-12-02_15-26-44.csv,SACLR,5723
0.2168293625668653,0.15154333615107843,1.8476732995470275,1.222024765099899,0.6701796606608424,4.866625992775796,0.07864097435178696,0.11810121263067555,-0.0061927080588647515,0.1085898877120172,0.02687496594253679,0.19313543317822948,0.024990991730903998,0.5917476479013161,-0.011699193973370712,1.2392961424639024,-0.009595455921513663,0.23626428240291988,0.7121510563419761,0.4422707550105116,-0.18966445844428872,0.01394789642483604,0.011791763713308506,0.03730129554894234,0.35016527879674,1.5358549287259091,0.05582081113936668,0.3223545900490539,0.15491501775391342,0.5014310490338931,0.21820328925135343,0.11483504111308582,0.1256786310696839,0.47844489387329747,3.13,0.4703612295239307,1.5467890763657404,4.430868585229387,0.3223545900490539,0.1014013328429845,0.34485572276742504,0.5342528203495195,0.060727717118940726,0.039282393590276,0.4816113193700289,3.14,0.47492643318775835,1.0752274005768794,2.013159015391639,0.12389886113305568,-0.24747703307788496,-0.07659531215691813,0.2025725101706883,-0.35096728702830904,-0.1202631158918178,040125_SACLR_W4_5_S1_R21-2025-01-04_15-13-16.csv,SACLR,7135
0.2343324951890119,0.1811226592875067,1.7838466097557268,1.2406710475257525,0.8371803664467551,7.225326755902255,0.07163764619644893,0.14009760680699662,-0.006307254438833686,0.13517889936869895,0.028449520768854864,0.20938797589515157,0.014407851115816916,0.7909394805650948,0.005278320247597325,1.2232006491467418,0.004038344844437206,0.34399055846614823,0.7340918436227398,0.42922956556442415,-0.1331974850952924,0.019627339433047824,0.018273334834532837,0.04384332444946857,0.6255852619165819,1.4962198280730103,0.11832950431385256,0.3420752565564424,0.09770257111948383,0.4823844544217506,0.23159632923974752,0.12296323952253056,0.10099638696419817,0.4573936295646605,2.92,0.4573936295646605,1.5638530023183774,3.33782067753231,0.6678612151816257,0.06564627049194173,0.3788771166126932,0.45362664105402284,0.08564085637267951,0.044951769269215944,0.33703709217164973,2.98,-0.0852180533458342,1.7006465014813934,5.949921614436995,1.8670695246618312e-06,-0.2405144694314438,-0.11823999416191272,0.24707939021328607,-0.3921528911188783,-0.12040014968704031,040125_SACLR_W4_5_S2_R16-2025-01-04_15-17-02.csv,SACLR,6139
0.2746234332109336,0.1876800513070882,1.9173559252945187,1.4167728798434094,0.7743496538914173,5.025620054069547,0.09835222533136966,0.14445328715951314,0.0018611040132547878,0.14681401199097222,0.03345822201767304,0.23965923225218919,0.006892776877761406,0.7356443313562334,-0.014878831185566984,1.37431724513993,-0.0024957542341678923,0.42075732666985916,0.7154460533873342,0.41263042304860087,-0.22484999539764358,0.020866752171188767,0.021554354116885333,0.05743654760370876,0.5411725822565597,1.8887478902890065,0.17703672794636657,0.36818851251840945,0.38247786546091883,0.5310116172031399,0.17030235095120128,0.12863361760316647,0.11798708983734303,0.5389527820979038,2.68,0.5151969291527299,1.352895537751243,2.6093163337377465,0.36818851251840945,0.17676889117287148,0.3148771906292389,0.5411258336261414,0.06712640129061911,0.04687787479708138,0.4857253996431632,2.73,0.48508660143423515,0.9533833016835344,1.1037963833687492,0.10104198005085288,-0.2911322553384477,0.12413038476410723,0.18731138787894017,-0.39833005131583094,-0.44156105661141004,120125_SACLR_W4_5_S1_R18-2025-01-12_08-04-13.csv,SACLR,5432
0.21386158953627607,0.17136316062586562,1.5050929288605404,1.081249406717468,0.8019208524767271,7.3118499625521585,0.0559759549244713,0.13850677835968778,0.014757410392749247,0.12572790397744565,0.014999291238670694,0.19115309818450102,-0.006097206888217519,0.6766349610607016,-0.020354262598187324,1.0423697956653073,0.02432176012084593,0.516629290479835,0.7324522190936555,0.420935273836858,-0.20394147009063446,0.01918412765157967,0.015807505838561796,0.03653950694553349,0.4578348705296173,1.0865347909153347,0.2669058237816977,0.3021148036253776,0.13121390419641377,0.42786642887867493,0.20208378226466925,0.10222755656083751,0.10400054679419811,0.36192803064844564,3.26,0.3485459005485297,1.7847588711453148,4.4516471219279214,0.3021148036253776,0.08883317215066693,0.3611698614412202,0.3106896209585433,0.10385888023108604,0.04968637400025953,0.29089601811343335,3.22,0.28245032799534237,2.095589586012192,6.817183080290032,0.01854787520090409,-0.1413883023343358,0.10095422979241021,-0.03589370942250954,0.008492154434788578,-0.35342263431518983,231124_SACLR_W4_5_S1_R18-2024-11-23_12-57-04.csv,SACLR,8275
0.20996341066850255,0.1532634475567722,0.9308384105880032,1.028530364693887,0.724035517193954,5.28685790817126,0.04961025093064939,0.1252215268617992,0.017996579760099274,0.11985239595468107,0.014450009099682892,0.1858523609151856,0.007221761064387155,0.6141744215139884,-0.02560745539776643,0.9839466051269435,-0.00025984833861850116,0.48598231679344894,0.7725327203915621,0.37884108038053216,-0.22543209003171102,0.015680430789600294,0.01436459681607765,0.0345411000577484,0.3772102200420423,0.9681509217408374,0.23617881223592818,0.3171101613125603,0.26025650504236364,0.49998043884976295,0.20819778450966664,0.10902806053376281,0.09789069993831823,0.4750051368661169,3.13,0.4703738350405474,1.2041936068702015,1.093555859550408,0.3171101613125603,0.184961224480327,0.3401352223336115,0.44236339680739706,0.07323866146236552,0.041058064887293265,0.3767493254932132,3.16,0.3766316932883883,1.680830131970632,4.274161802314235,0.07657275302297306,-0.1957785508603947,0.23580711329325646,-0.09342313537822627,-0.19373671929672848,-0.4952204914285647,231124_SACLR_W4_5_S2_R18-2024-11-23_13-00-34.csv,SACLR,7253
0.2329066700590149,0.19759836015711957,2.140471252019517,1.0811773535571605,0.8479055593476966,9.717617598572296,0.04832466453173925,0.15572645391827541,0.018282024053515512,0.15835609119520802,0.01668106177056647,0.202540829390286,-0.017457331625391398,0.7667047425954467,-0.02192834984343866,0.9946230837799029,0.05777696939937376,0.553912527333642,0.7499254463421576,0.3708527705664674,-0.21160715670367206,0.02425072844996076,0.025076651618625042,0.04102278757010494,0.5878361623183502,0.9892750787878439,0.3068190879371428,0.327355536578423,0.23159918160801407,0.41926522622221796,0.1850778297638407,0.1004728527944282,0.09812397142273822,0.3148766553328533,3.0,0.3051400169513516,2.282251030329153,8.903391302608318,0.327355536578423,0.15287834116387242,0.28601436154264703,0.3557935471218018,0.06685349042323822,0.08271029060089789,0.2941927785183836,2.97,0.2899885098238781,2.6263009538101003,12.441933753543935,-0.10912941589757567,-0.0842997363817143,0.08603187911905046,0.012315188073609132,0.08712839311942733,-0.44678935666137304,231124_SACLR_W4_5_S3_R18-2024-11-23_13-03-58.csv,SACLR,7026
0.2163320499115842,0.16793719042555297,1.0026846942573722,1.2097198588779505,0.7264023270828706,5.857764064884484,0.0664200430926978,0.1319663298419684,0.009050085908272136,0.12001114006059121,0.03398508618539559,0.19375721995296427,0.007880822918110023,0.6734343612315328,-0.011770387834280152,1.1200673548471922,-0.013615036441734786,0.5318218590507519,0.7503835949840655,0.3751516480532077,-0.2155469664680615,0.017415112211959204,0.014402673738642843,0.03754186028390138,0.45351383888732255,1.2545508793943858,0.2828344897641978,0.3325481502009145,0.3770392772583587,0.5411137615522416,0.24465634555657517,0.10290639333156625,0.0753654836429543,0.5921550057805871,3.0,0.5898569263240815,1.3773280783628437,1.382761037664852,0.3325481502009145,0.22061621286654556,0.3393778900021224,0.508024409094686,0.09988434850866981,0.02845046360253784,0.4272762955564874,2.96,0.4183826980641377,1.6707754780353032,4.671251506795708,-0.05768210211564383,-0.2375217694122934,0.3258214260657673,0.22182913223780232,-0.24921414640986933,-0.5993907953520005,241224_SACLR_W4_5_S1_R20-2024-12-24_15-10-23.csv,SACLR,7217
0.23104849834921215,0.1687410858268925,1.0509121408519362,1.2075887414154958,0.7248573016343247,5.553894344670594,0.06701940311111111,0.13588033697946952,0.003238405777777778,0.1333325078915695,0.036965605925925925,0.19938514386127812,0.014768131259259257,0.7041706198167961,-0.006566276000000003,1.1133604777690573,-0.01557923688888889,0.4979688062312521,0.7665816244444444,0.3742496748148148,-0.21598665688888885,0.018463465977654192,0.017777557660655443,0.03975443559258257,0.4958562618131708,1.2395715534581437,0.2479729319793783,0.35555555555555557,0.2840558365408183,0.5245184836351418,0.21069737479036946,0.10532383660927769,0.09970688335707617,0.5205259062689296,2.8,0.5183838245396001,1.2924681014937995,1.4080110447188385,0.35555555555555557,0.18744873032569825,0.32771942942693977,0.5229724255774592,0.08924053489360703,0.04045762973078863,0.4310449265876487,2.81,0.4310449265876487,1.4235801707409095,3.194824543931902,-0.10755288538015338,-0.23902524491811725,0.26917209096477973,0.23995112216438888,-0.36624822495560994,-0.6980652896230707,241224_SACLR_W4_5_S2_R20-2024-12-24_15-16-14.csv,SACLR,6750
0.16522785046962243,0.13863831489663722,1.1850522871780806,0.8358422979565157,0.6304814830784374,6.036695627897186,0.040801184758562814,0.09791363498643735,0.007230373407582578,0.10045459008567724,0.013366074986650392,0.1579521810605984,0.014590911816309409,0.5508661558387825,0.01483574384010984,0.8255348949870729,-0.010738702723319856,0.33269025483706555,0.7520663343504461,0.42477427584102534,-0.13120871187733618,0.009587079916257289,0.010091124669281443,0.024948891501800068,0.30345352164859785,0.6815078628413175,0.1106828056635516,0.27462048973987335,0.18009185503123393,0.44439156286010856,0.2218981005093789,0.09956144235140632,0.10824146601224381,0.47319481451855255,3.59,0.4678903146691934,1.5375044114018754,2.3160370481300383,0.27462048973987335,0.09348633326060693,0.4000467431447421,0.3625896229935681,0.058922466360546294,0.03422370451709311,0.38009798925440885,3.61,0.3793477926201997,2.0641845727449297,7.370374257549484,-0.009740857672315497,-0.19798852478376588,-0.09502382400648261,-0.09722384897359604,-0.2570167883537473,-0.2056872741449763,261124_SACLR_W4_5_S1_R30-2024-11-26_13-57-49.csv,SACLR,13109
0.1811844984104351,0.1910353889073203,3.67495443564257,0.9883034668904921,0.9090782668520556,10.243168496051844,0.05164686243949031,0.13020923108152657,0.011790865196344456,0.12469768978466013,0.014917985477673822,0.18382073404036928,-0.08805245116894955,0.7887857534353955,0.024986048820196668,0.8995778836500927,0.09900704879848916,0.5946297842685222,0.5489629577571797,0.5485497620856579,-0.2708159976555886,0.016954443858842382,0.01554951383763133,0.03379006226314018,0.6221829648226446,0.8092403687523798,0.3535845803392293,0.3082466841773938,0.008914937587720752,0.1931525222370416,0.16820829393333064,0.08207705724207669,0.07263775922275605,0.4878660521449551,3.36,0.477118664069216,2.0943631102890956,8.455706289140666,0.303905181583346,0.007865665999498225,0.2020794296406441,0.2040630361890833,0.07639730187310396,0.040203795211074346,0.45093004462830694,3.34,0.44832415488207716,1.4511682524953866,3.4279967687571817,0.03939042748098749,-0.18518771369064715,0.11372445367163239,0.02631815779823404,-0.22732396246906492,-0.263164161661152,261124_SACLR_W4_5_S2_R15-2024-11-26_14-06-07.csv,SACLR,46067
0.18272996979965075,0.1459022228058906,1.1650767171032128,0.9729672346969137,0.7274970238585593,8.158997455973374,0.045703708539882835,0.10884447271666324,0.009235956286615594,0.10950137685096689,0.02179658607480847,0.1679114959104407,-0.011964116944569626,0.657387051470834,0.0005062363677332175,0.9616885196408586,-0.034007028841820636,0.3431053204590078,0.7337033437359172,0.4266685307570978,-0.17994796766561513,0.01184711924096845,0.01199055153225747,0.028194270458881943,0.4321577354415169,0.9248448088090261,0.11772126092727847,0.270392068499324,0.22964112815608767,0.4368941049105471,0.24178065532015025,0.11116087323102053,0.11804230528994594,0.41611956980304976,3.59,0.38621260799146956,1.745945416356361,3.6926160580098113,0.270392068499324,0.1285171125112537,0.2963212699252681,0.3944670697073117,0.11404363881248174,0.05093710016040112,0.22777935354223247,3.58,0.22071082632422753,2.9984046549067322,16.48279794567204,0.06408263326012277,-0.2256550308664378,-0.06357927303588551,-0.02567575770288646,-0.04325599627735927,-0.3508750705819326,291124_SACLR_W4_5_S1_R30-2024-11-29_15-43-12.csv,SACLR,8876
1.7281970692783477,1.4829773051132444,13.508410720880269,0.9560073482417788,0.667780503492223,6.990337404835191,-0.48382633446555573,1.0874460374088089,-0.10280748890775926,1.1472890323982412,-0.18416222057106463,1.5520277857237108,-0.008531137883451856,0.5712800011009989,-0.014699572550684636,0.9450729360182042,0.003985282135654387,0.3743653381552126,-7.240679431058274,-3.7605002640908607,2.0861837411102853,1.1825388842761206,1.3162721238612924,2.408790247658445,0.32636083965795726,0.8931628543940686,0.1401494064120667,0.25475002653646106,0.16131558423907702,0.529115893602131,0.18661724740895025,0.0909154634888123,0.08593935899898462,0.45340567339199306,4.03,0.4439127530949792,1.7775303316246363,3.751523021518782,0.24413544209744187,0.09554524391914425,0.4803448781548923,0.27849578446101386,0.07302505522027064,0.051608529757446404,0.4113066894650899,3.98,0.3940660664927707,2.330601097913086,9.786910381000432,-0.010614987246449522,-0.1558323586118828,-0.05718070852467617,-0.03654233942610761,0.038271496474770274,-0.499140019905658,291124_SACLR_W4_5_S2_R15-2024-11-29_15-49-11.csv,SACLR,9421
0.14789147448387058,0.1166596093466209,1.7114727983272184,1.0183953564604764,0.832468931367674,9.262898296860923,0.026300654195553427,0.08730302165896234,0.010790039564905572,0.12893093412738627,0.007708668180731532,0.1018395176650649,0.0346473175950275,0.61789733270338,-0.019507312694238586,0.37971035813935095,0.010147371742768349,1.0966295618566115,-0.2556773829787234,-0.6396814697585466,0.057815620487688256,0.0076218175907852475,0.016623185774960417,0.010371287358253064,0.3817971137619514,0.14417995607831416,1.2025963959378236,0.2510160172125269,0.07768008414654726,0.3433206080742695,0.15818400400253493,0.08003086664439901,0.20112638926270923,0.26228814476621415,0.68,0.0681243072409577,3.0542579572853734,17.861127624344036,0.2510160172125269,0.11409689146181413,0.4745547837938767,0.27591881105143184,0.07871511074729352,0.03158898100143724,0.1507318585868751,3.95,0.14976916047587052,3.3505466023140507,20.755855154173158,0.17587097425652498,0.006073882650686645,-0.08493654673286404,-0.11704435837363764,-0.18594914195464599,0.4884389463115375,021224_SAOCTE_W11_S2_R15-2024-12-02_15-36-02.csv,SAOCTE,8366
0.162242193102364,0.13582063639424596,1.9060626324919125,1.0651558847512599,0.9574076282551606,9.677844837286347,0.029073294709970214,0.09658454082205556,0.01453246901148773,0.13996840436315902,0.011513832647851368,0.12109745794792841,0.018948442915898457,0.7652736988944362,-0.03620662303219401,0.41005519777400085,0.01981056743724294,1.1381983754754865,-0.16868276911076444,-0.5995024890086513,0.10191359636930931,0.009328573525807318,0.019591154219968793,0.01466459432145029,0.5856438342195722,0.16814526522147494,1.2954955419350365,0.22691816763579634,0.02983412634900245,0.28636764175670154,0.1196285620284827,0.12824976377327704,0.185825685725961,0.3157472868805116,0.61,0.02079700227045134,3.8089571327590495,25.089318218418143,0.28364770954474544,0.045596105759000395,0.4653206651225368,0.23158879074307795,0.08008394706423874,0.024999303064137217,0.056003118923255366,11.46,0.028816477804280635,3.5520945522061886,19.402952219306535,0.18189803321475936,0.019965521393058183,-0.0238624992355905,-0.23367866822819577,-0.29337136299759736,0.3704677117689819,021224_SAOCTE_W11_S3_R12-2024-12-02_15-40-59.csv,SAOCTE,7051
0.1841084685487655,0.1485778696962117,2.27003290000057,0.9544158313122704,0.9814458548367949,9.469706265139061,0.02262277101449275,0.10484593845215598,0.015053168456947997,0.15524417495422013,0.01338946189258312,0.14130054989300805,0.015970878942881503,0.8011807473620063,-0.05278650980392156,0.412542106429201,0.020899120545609523,1.0289511425800102,-0.22592808235294118,-0.6080111116794544,0.01558953111679454,0.01099267080991328,0.024100753857216505,0.019965845400066462,0.641890589943543,0.17019098957704223,1.0587404538167087,0.13640238704177324,0.08167338465280753,0.3695107924371182,0.1143295104466412,0.12436287036312278,0.20157794920090022,0.3037945521324208,0.56,-0.00037637662949991247,3.6493638785070317,25.44802900857086,0.11935208866155159,0.05017439691530194,0.5079367362274756,0.2443853438514111,0.07814565252486165,0.03537360824313863,0.030127849056246592,10.07,-0.05317663635598561,4.187399035030081,24.235890830486472,0.17405927962333584,0.002540570616430072,0.11025499687941916,-0.008029378673503052,-0.23679430646105862,0.13979041585939517,021224_SAOCTE_W18_S1_R7-2024-12-02_15-32-12.csv,SAOCTE,5865
0.12856166918883155,0.1397489274573226,2.253305179063413,0.9399551166809236,0.7436038567735316,6.320982846554245,0.030860871430663347,0.08291842275879502,0.006286954458925171,0.13356408702289127,-0.002022049201932932,0.10173152036192623,-0.029231886366964416,0.559854557465502,-0.024041642846683257,0.3287790936196219,-0.22627443051691312,0.9810293396222113,-0.041061059891638566,-0.7420941199297116,0.08318048674769364,0.006875464832806256,0.01783936534225847,0.010349302235149013,0.31343712551489306,0.10809569240134008,0.9624185651995919,0.2782252159906282,0.03185820059172212,0.1949034742109584,0.057309804963388014,0.07886953960391622,0.15810862012365126,0.5246551772758797,0.53,0.310686497254616,3.112601933135524,21.5675123154367,0.2782252159906282,0.05196250535970908,0.2931089342525276,0.2768371542471587,0.052722073436001035,0.04060058444397455,0.4076230194332512,3.52,0.40571879859725124,1.9180053863419615,4.8298190214745595,0.18070484162894956,-0.13918211441490744,0.06381600408305257,0.024405245651563556,0.009082288684480522,0.42265237575587394,040125_SAOCTE_W11_S1_R15-2025-01-04_15-22-32.csv,SAOCTE,6829
1.7152812060287164,1.6024100568686692,17.201550141925757,1.2321371255042006,1.04557494873729,9.442525956375762,-0.34918979262756494,1.0455957438017407,-0.13359959760305065,1.5530100892501049,-0.11669731360087161,1.3608463111540587,-0.0011343495551116743,0.8520924455929766,-0.06338684928273107,0.4961925245198698,0.0675896517159978,1.2770305167802214,2.74976632485927,5.430808881242055,-0.4024371570728164,1.0932704594563154,2.4118403373126185,1.8519026825816092,0.7260615358366198,0.24620702138940156,1.630806940787959,0.27238060650081714,0.06335519643910686,0.2811555511441678,0.16587421418236803,0.11684468099388809,0.15302609110886212,0.2738194784477666,0.59,0.12082605573022757,3.4717450178700267,17.991769482111774,0.27238060650081714,0.08626049981496277,0.38689651938778574,0.24311254681880407,0.113822256290194,0.037527480143225475,0.12317157002750857,3.75,0.1092739909511541,2.9255182636968255,12.215962763216261,0.10685928189844543,-0.04853737779198231,-0.15139593276836108,0.10026851642699355,-0.1719287909481782,0.22318828587646028,040125_SAOCTE_W11_S2_R10-2025-01-04_15-25-10.csv,SAOCTE,5507
0.20283708643533835,0.14722361355386732,2.312074290160461,1.2310594786118307,0.9279162832147433,8.173094985027092,0.03852448411437649,0.10351143271845031,0.007891333200953138,0.17330644260401676,0.007018436457505957,0.14309963230224043,0.02367133545141647,0.769473794354345,-0.021800636748742386,0.4871966684808544,-0.013429033756949954,1.2434106741025521,-0.2575995978289648,-0.6101774706115964,0.11495962576118614,0.010714616703426267,0.03003512304805936,0.02047750476503641,0.5920899201980729,0.23736059377884355,1.546070104472163,0.2779984114376489,0.09263373698891558,0.26840141536856865,0.14855970676558153,0.10461425097046782,0.2179180320746105,0.2321412632706508,0.53,0.1868147370606058,2.6738183001197213,14.03744601355935,0.2779984114376489,0.10497407983163773,0.42625202157481146,0.28228422887785265,0.07969552770871785,0.04540549063503594,0.1917409483551442,3.75,0.16498101508497626,2.5466352544269175,9.694127006643132,0.16174429437832372,-0.10852210682017506,-0.108065393964394,-0.05937019141119524,-0.1250457872462447,0.5850463806849466,120125_SAOCTE_W11_S1_R16-2025-01-12_08-09-28.csv,SAOCTE,7554
0.18395223176664596,0.1482934845623382,2.1039065766934617,1.208866837553253,1.0451561502611448,10.27596972201714,0.03863740176771593,0.113571892691098,0.014660292448441617,0.15269419854467947,0.006898754690649712,0.13365963456084248,0.02708509024654985,0.8620770913739534,-0.03447861466894093,0.4873427728432695,-0.020212296945262824,1.2533658212158723,-0.2680152122809738,-0.5906288806016438,0.11247166599472787,0.01289857480943828,0.02331551826920199,0.017864897910937955,0.7431769114717756,0.23750297824256658,1.5709258817921377,0.2791130407815165,0.06308988620107883,0.3626236238245488,0.12098920130089184,0.09726818613238696,0.1840637061779532,0.32964811808396766,0.53,0.09176326053970207,3.0522636686439792,16.713739574996442,0.2791130407815165,0.07734102223446032,0.45790379700726325,0.2734495938746152,0.06589343510288187,0.023544281454446096,0.11854984123285024,3.61,0.11722084029221212,3.4218611263421854,18.092403240403762,0.19207173077240072,-0.10898422466299075,-0.028922758265928772,-0.07934194330801306,-0.19687686108675878,0.44205522665040503,120125_SAOCTE_W11_S2_R12-2025-01-12_08-14-24.csv,SAOCTE,6449
0.17642506893833665,0.15971564361488974,2.1552229694576845,1.17745438520543,1.0905225374038485,15.106451496618458,0.03877156646404405,0.11731727415588647,0.005239869824521157,0.15328357499120865,0.018575541690560846,0.13230006943092976,-0.05999338123638031,0.9810819042496599,-0.01400785824062392,0.570301748137387,0.030700036357380424,1.132825234815673,-0.08757326253010667,-0.47981621068929925,0.18892006342470466,0.013763342815367428,0.023495854362085483,0.017503308371428838,0.9625217028461389,0.32524408392855964,1.2832930126351851,0.1032228466567267,0.01591919141584122,0.1834753847224378,0.13123856279471435,0.16827285128181374,0.15642717139645407,0.403633590392413,0.54,-0.09710666910205032,3.633675773649488,26.0330007466469,0.25232251404977635,0.02936471453498216,0.3093851823627159,0.2846801813988098,0.10745300224696698,0.05048813138807726,0.2981358545323269,0.75,0.0974109149804104,3.1416157055353997,22.714951080810046,0.09161646972404845,0.009039712747093226,-0.12995918587273006,0.12868281855737168,-0.13233611096968043,0.6208708295157459,231124_SAOCTE_W11_S1_R15-2024-11-23_12-47-03.csv,SAOCTE,8719
0.11165156736589726,0.101515131395202,1.059156203250021,1.6658832559034082,0.7004501130155666,5.767345003977047,0.046213254719324394,0.06414546595873355,0.002239587928464977,0.0947409688954579,-0.0019345388723298576,0.08682028181164977,0.36525355837059126,0.649966313817816,-0.1594246582215598,0.3413210103195469,-1.0723333738201686,1.1909231872093284,-0.6662814715598608,-0.4159228445106806,0.15456447925981123,0.004114640803063044,0.008975851187250122,0.007537761333854284,0.4224562090979197,0.11650003208555627,1.4182980378328252,0.32290114257327374,0.025517734592132038,0.1996482096624962,0.072212199725766,0.1110312003755086,0.12600888731299925,0.521456447782984,0.51,0.39959446696186507,2.7453927134929406,10.965311139641168,0.32290114257327374,0.03362173344338016,0.1587099326764608,0.22463968347098973,0.10295732499962865,0.037390205537978984,0.5257566572515775,3.16,0.5089508547818581,-0.14737990813095703,2.065178909494546,0.11285622925941788,-0.07773818486438908,-0.11778251414016652,-0.3567117236727916,-0.5121074170605514,0.6420230610584624,231124_SAOCTE_W11_S2_R15-2024-11-23_12-50-51.csv,SAOCTE,8052
0.180444128315979,0.13067351208677808,1.4111661484775633,1.260341972780235,0.8782161639413003,8.731259471971383,0.03802766271312083,0.10412597633819864,0.005094815122312823,0.1562296721923646,0.01009088124536694,0.11320966945491855,-0.014573785915492965,0.7170609602434118,-0.037907634840622685,0.6184900490271886,0.03954795641215717,1.2083214775894435,-0.29304052157153443,-0.5248343954040029,0.19987101111934766,0.010842218948383105,0.0244077104733337,0.012816429258091917,0.5141764207052039,0.38252994074565416,1.4600407932039363,0.28169014084507044,0.08335875516946697,0.2980529650055319,0.15609637224079417,0.1195226970450432,0.1898450454988754,0.22426067058687077,0.57,0.12660627189013082,2.6348628385193043,11.162940934995568,0.28169014084507044,0.12262336761938844,0.34696984544903164,0.3892058781743827,0.07950019324481343,0.04319235512394622,0.21180495195889812,10.68,0.20371634656315168,3.095499864744085,18.173598121934667,0.2685019155711861,-0.10164233834002356,-0.12693512863758902,-0.12360732183472362,-0.19022345508229455,0.6855124130768517,241224_SAOCTE_W11_S1_R15-2024-12-24_15-19-20.csv,SAOCTE,6745
0.16979694970521075,0.13962292759871017,1.7985886941568936,1.182710813044357,1.0683591911024604,9.467972040138163,0.03329764588607595,0.10200776272144509,0.014415459651898738,0.15043290224349568,0.00847362246835443,0.1179233912844608,0.031064652848101268,0.8690114805900178,-0.046807731803797464,0.5584875681612543,-0.009775336550632929,1.2124670008065896,-0.33148668227848105,-0.5503073632911392,0.1258755286392405,0.010405583655434642,0.022630058077401125,0.013905926212028045,0.7551809533972548,0.3119083637906717,1.4700762280449267,0.2531645569620253,0.05235617089307861,0.34193300935060206,0.14449330633978882,0.1192770478302849,0.15772755943801137,0.29442152252306353,0.62,0.06184311376406331,2.960831111325577,14.001770580617507,0.2531645569620253,0.08008027141156104,0.5345174920929697,0.23083377747956457,0.04874546850028245,0.02235409505141711,0.07465185756371157,3.79,0.0576840637797546,3.226004387881064,15.264345112834015,0.23967920878821125,-0.08579529926528207,-0.024076802441957416,-0.16485419583988128,-0.18318118052621357,0.644542105220431,241224_SAOCTE_W11_S2_R12-2024-12-24_15-22-41.csv,SAOCTE,6320
0.1438660706169021,0.11812377215913099,1.6595861652818753,0.9601191914872411,0.855918243490789,10.542720648697944,0.027025265832889833,0.08466373417259349,0.006140569629235409,0.12398098441810622,0.007267768848678375,0.10626528402929616,-0.026978274348057475,0.6800762913250258,-0.0019401967358524046,0.4090043919077195,-0.0020924065105552615,1.011920098052021,-0.21559673913429128,-0.559106857104843,0.08553323948908995,0.007167947884047574,0.015371284497282697,0.011292310589826987,0.4625037620224013,0.16728459259980338,1.0239822848416118,0.24835905623558627,0.030734017739774237,0.3401994109869759,0.15334657590503978,0.1146269580522813,0.17248124060699896,0.27081358645783565,0.68,0.14773879718486724,2.485931921350921,11.686454685354335,0.24835905623558627,0.055698451678097935,0.4695149231738875,0.2803796028331179,0.09965675698500073,0.040633764100432686,0.2645941921337987,4.17,0.23871132558709288,3.124388184415257,18.276447977606832,0.20619378108892342,0.05168914091676732,0.013656300886024608,0.23146811931909342,-0.14052391203136222,0.3719192808261278,261124_SAOCTE_W11_S1_R18-2024-11-26_13-45-55.csv,SAOCTE,11274
0.16942480156853984,0.1656264315812664,2.0265424643697947,1.103267297110464,1.017262954673255,11.440866210908508,0.032756361781273245,0.11749492910108329,0.011276992135189713,0.15805972081601763,0.01421149824635987,0.12629224090129013,-0.0377091722818578,0.8302262093507875,-0.035380923264959084,0.47393026216814543,0.011401752258475947,1.1556221205337696,-0.17349410543097035,-0.49140073482835583,0.08106387501328514,0.013805058364468591,0.02498287534443744,0.0159497301118695,0.6892755586929776,0.22460989339876705,1.3354624854669663,0.2550749282601764,0.044898821548074855,0.2090481959398663,0.15370979696164014,0.1158647870782822,0.12346260514687711,0.31181297759624305,0.8,0.24209160079985215,3.2901471573196255,17.476432037525793,0.2550749282601764,0.0691522995600618,0.3364827673049315,0.2925836253917651,0.10268467000410238,0.04004784769807875,0.18371862923748986,3.69,0.14024715495586348,2.8960270944010746,13.723018075353089,0.12278362112097188,0.08572315509809644,0.04361082850587059,-0.04302233178046008,-0.16128293671479618,0.24556244422409332,261124_SAOCTE_W11_S2_R15-2024-11-26_13-51-14.csv,SAOCTE,9409
0.15940080994115796,0.13751911926971,1.410925226255807,1.095171467029957,0.8995188870139994,8.633427790107994,0.03350964293248945,0.09965816372008081,0.005166707410337554,0.1474969157025208,0.00795656223628692,0.10687997709552746,-0.016439461893459916,0.6539066783460621,-0.03425205696202531,0.4671009092668964,0.031016070279535884,1.1664090034731813,-0.3104447623945148,-0.5737950623681434,0.07892730709388186,0.00993174959605843,0.021755340141756525,0.011423329503940476,0.42759394398558026,0.2181832594379614,1.3605099633833,0.19778481012658225,0.05002485455093268,0.33630380370323476,0.18193260704245157,0.10471939921776448,0.14006674689534473,0.19140672293868422,0.77,0.04771641476990027,2.996635479719937,13.972554885979676,0.26371308016877637,0.07365788979995419,0.41333366294927826,0.31962670686567235,0.09310154495288471,0.0271448825623943,0.2857829470729846,3.77,0.28469044045515557,3.0148570887936605,16.142735808495765,0.157277342137976,-0.038489460449632626,-0.05627407798945767,0.06815807303445999,-0.22936050097416383,0.3971145142197336,291124_SAOCTE_W11_S2_R11-2024-11-29_15-08-05.csv,SAOCTE,7584
0.2021968867822239,0.1878617949992999,2.589635610252145,1.1651389350430317,1.1512691318798427,10.24993622384481,0.03554677313903111,0.14299208086470333,0.014673608704214258,0.18140445295496252,0.01675600039385585,0.14515295034022943,-0.024361279440724682,0.931617232273311,-0.05182466148089798,0.5139507503823093,0.024401603190232372,1.2439072448127708,-0.23096509826703424,-0.5145789151240646,0.06934916660102403,0.02044673519001786,0.03290757555188921,0.021069378992473114,0.8679106674685843,0.26414537381853875,1.5473052336976987,0.31508467900748327,0.06682017152636865,0.3455289843657765,0.14804091141215567,0.11579982184665409,0.14313123590296337,0.24387974769254323,0.68,0.18782011451288375,3.302244742581708,18.624307844847944,0.31508467900748327,0.07605642486952638,0.3907183438113385,0.2814515490453002,0.08681452657086507,0.031292530494541726,0.21434605137316345,2.8,0.1051780209577786,3.285463088456434,15.262738425992762,0.14391947044076492,0.05937465043041037,0.0362747608727512,-0.06108845308940197,-0.37171338919645147,0.1873405847893865,291124_SAOCTE_W18_S1_R7-2024-11-29_15-04-06.csv,SAOCTE,5078
